"Time";"Gx";"Gy";"Gz";"Ax";"Ay";"Az";"ts"
"2020-08-12T12:51:22.306";-20.52307;-5.92041;-17.1051;0.26135;0.00549;0.12244;90188
"2020-08-12T12:51:22.307";-18.29529;11.07788;-19.82117;0.29993;0.00012;0.13696;90196
"2020-08-12T12:51:22.319";-15.60974;29.70886;-21.68274;0.33264;-0.00208;0.14612;90208
"2020-08-12T12:51:22.328";-12.57324;48.4314;-22.62878;0.35034;-0.01379;0.15088;90217
"2020-08-12T12:51:22.337";-8.65173;65.91797;-22.61353;0.35913;-0.02954;0.15796;90225
"2020-08-12T12:51:22.370";-3.37219;81.31409;-21.42334;0.38171;-0.047;0.1792;90234
"2020-08-12T12:51:22.371";2.34985;94.87915;-17.95959;0.41504;-0.06396;0.21411;90246
"2020-08-12T12:51:22.376";13.38196;109.54285;-1.34277;0.40112;-0.09155;0.25037;90264
"2020-08-12T12:51:22.384";17.41028;103.3783;10.78796;0.3844;-0.08606;0.26733;90272
"2020-08-12T12:51:22.396";20.03479;90.39307;24.16992;0.39771;-0.0863;0.29395;90284
"2020-08-12T12:51:22.404";21.22498;76.23291;36.37695;0.41809;-0.06824;0.33618;90293
"2020-08-12T12:51:22.413";19.82117;64.17847;45.30334;0.46265;-0.07581;0.41211;90301
"2020-08-12T12:51:22.422";19.82117;64.17847;45.30334;0.52466;-0.13098;0.48828;90310
"2020-08-12T12:51:22.443";14.72473;50.33875;62.10327;0.52136;-0.18127;0.52917;90330
"2020-08-12T12:51:22.451";12.80212;43.36548;67.73376;0.52136;-0.18127;0.52917;90339
"2020-08-12T12:51:22.459";10.28442;33.18787;67.00134;0.51416;-0.15271;0.52148;90348
"2020-08-12T12:51:22.471";5.72205;24.3988;58.7616;0.66382;-0.25269;0.68091;90360
"2020-08-12T12:51:22.481";0.64087;24.49036;47.48535;0.66382;-0.25269;0.68091;90369
"2020-08-12T12:51:22.488";-1.83105;33.61511;36.34644;0.70642;-0.36572;0.78308;90377
"2020-08-12T12:51:22.497";-1.31226;44.29626;24.50562;0.70459;-0.45496;0.84619;90386
"2020-08-12T12:51:22.521";1.67847;39.00146;-8.43811;0.58667;-0.39294;0.83398;90409
"2020-08-12T12:51:22.529";-0.68665;18.90564;-32.91321;0.55603;-0.32251;0.80176;90417
"2020-08-12T12:51:22.537";-5.21851;-3.02124;-58.56323;0.62769;-0.36145;0.8302;90426
"2020-08-12T12:51:22.558";-9.00269;-12.08496;-75.68359;0.79016;-0.46594;0.97754;90444
"2020-08-12T12:51:22.567";-10.849;-7.73621;-70.77026;0.76123;-0.43896;0.97546;90453
"2020-08-12T12:51:22.573";-14.67896;-8.13293;-63.18665;0.71704;-0.38;0.93738;90462
"2020-08-12T12:51:22.585";-20.23315;-15.625;-54.77905;0.67615;-0.32104;0.87598;90473
"2020-08-12T12:51:22.594";-20.23315;-15.625;-54.77905;0.70264;-0.27417;0.8335;90482
"2020-08-12T12:51:22.602";-25.9552;-27.26746;-48.172;0.70264;-0.27417;0.8335;90490
"2020-08-12T12:51:22.610";-30.85327;-35.47668;-44.6167;0.78601;-0.25232;0.8241;90499
"2020-08-12T12:51:22.621";-34.13391;-34.75952;-42.25159;0.88464;-0.24133;0.85327;90510
"2020-08-12T12:51:22.630";-36.46851;-23.74268;-37.52136;0.96399;-0.2804;0.91992;90519
"2020-08-12T12:51:22.638";-36.75842;-6.72913;-27.14539;0.98437;-0.33679;0.95667;90527
"2020-08-12T12:51:22.648";-33.21838;8.27026;-13.09204;0.95886;-0.38379;0.95532;90536
"2020-08-12T12:51:22.666";-15.33508;20.67566;9.87244;0.96545;-0.39709;0.93774;90553
"2020-08-12T12:51:22.674";-15.33508;20.67566;9.87244;0.98181;-0.41479;0.95312;90562
"2020-08-12T12:51:22.685";-2.94495;19.6991;10.51331;0.98181;-0.41479;0.95312;90571
"2020-08-12T12:51:22.694";11.45935;16.69312;2.16675;1.06067;-0.44751;1.10583;90582
"2020-08-12T12:51:22.702";25.13123;16.00647;-12.45117;1.06067;-0.44751;1.10583;90590
"2020-08-12T12:51:22.714";35.61401;16.44897;-32.66907;1.03052;-0.45068;1.15637;90599
"2020-08-12T12:51:22.719";42.96875;15.31982;-55.02319;1.01501;-0.44263;1.1626;90607
"2020-08-12T12:51:22.730";47.80579;12.42065;-71.62476;1.02759;-0.43604;1.14954;90618
"2020-08-12T12:51:22.739";50.24719;9.04846;-77.94189;1.04651;-0.44678;1.13574;90627
"2020-08-12T12:51:22.747";50.88806;6.02722;-73.92883;1.07556;-0.45789;1.12451;90636
"2020-08-12T12:51:22.756";49.83521;5.11169;-60.66895;1.10437;-0.48633;1.13318;90644
"2020-08-12T12:51:22.776";47.16492;7.56836;-40.86304;1.07178;-0.52173;1.20837;90662
"2020-08-12T12:51:22.783";42.19055;12.02393;-19.51599;1.07178;-0.52173;1.20837;90671
"2020-08-12T12:51:22.791";35.5072;16.61682;0.7782;1.03796;-0.53735;1.22766;90680
"2020-08-12T12:51:22.802";28.68652;20.26367;21.68274;1.02075;-0.55444;1.22791;90691
"2020-08-12T12:51:22.811";22.9187;22.04895;44.64722;1.01953;-0.56812;1.2229;90699
"2020-08-12T12:51:22.820";19.37866;21.08765;65.96375;1.03613;-0.56836;1.22461;90708
"2020-08-12T12:51:22.828";17.13562;18.38684;80.71899;1.06775;-0.55945;1.22961;90717
"2020-08-12T12:51:22.840";15.38086;17.1814;86.16638;1.10803;-0.5387;1.25549;90728
"2020-08-12T12:51:22.848";12.63428;19.65332;81.83289;1.11609;-0.50525;1.27991;90736
"2020-08-12T12:51:22.857";7.33948;24.87183;68.93921;1.08691;-0.46045;1.30127;90745
"2020-08-12T12:51:22.866";-1.2207;30.41077;50.33875;1.03638;-0.43311;1.3114;90754
"2020-08-12T12:51:22.878";-12.05444;32.04346;29.81567;0.98315;-0.42737;1.30481;90765
"2020-08-12T12:51:22.886";-12.05444;32.04346;29.81567;0.92468;-0.44409;1.27698;90774
"2020-08-12T12:51:22.894";-23.20862;26.45874;8.57544;0.92468;-0.44409;1.27698;90782
"2020-08-12T12:51:22.904";-33.23364;14.41956;-12.23755;0.90906;-0.45923;1.25232;90791
"2020-08-12T12:51:22.914";-42.64832;1.31226;-29.87671;0.91016;-0.45752;1.23389;90802
"2020-08-12T12:51:22.922";-52.21558;-9.78088;-43.64014;0.89905;-0.44421;1.20752;90811
"2020-08-12T12:51:22.931";-62.07275;-17.34924;-53.81775;0.88672;-0.4325;1.18555;90819
"2020-08-12T12:51:22.939";-71.77734;-20.49255;-58.15125;0.86987;-0.44019;1.1582;90828
"2020-08-12T12:51:22.957";-83.55713;-17.25769;-38.20801;0.87939;-0.49707;1.07471;90846
"2020-08-12T12:51:22.968";-83.38928;-11.50513;-16.51001;0.89526;-0.49817;1.03418;90855
"2020-08-12T12:51:22.989";-83.38928;-11.50513;-16.51001;0.89526;-0.49817;1.03418;90863
"2020-08-12T12:51:22.992";-80.85632;-3.28064;3.34167;0.89197;-0.42261;0.98401;90874
"2020-08-12T12:51:22.994";-78.01819;6.74438;16.61682;0.89197;-0.42261;0.98401;90883
"2020-08-12T12:51:23.002";-75.50049;15.96069;23.68164;0.85815;-0.38831;0.96985;90891
"2020-08-12T12:51:23.021";-72.8302;21.53015;27.48108;0.82446;-0.38098;0.95679;90900
"2020-08-12T12:51:23.029";-59.99756;23.83423;44.81506;0.797;-0.41406;0.91248;90918
"2020-08-12T12:51:23.040";-48.41614;24.71924;62.0575;0.78589;-0.42676;0.88464;90926
"2020-08-12T12:51:23.046";-48.41614;24.71924;62.0575;0.76685;-0.42029;0.87268;90935
"2020-08-12T12:51:23.072";-4.776;24.33777;79.52881;0.70032;-0.34814;0.85999;90959
"2020-08-12T12:51:23.080";7.72095;19.72961;63.29346;0.67407;-0.36487;0.84375;90968
"2020-08-12T12:51:23.088";21.14868;13.99231;42.46521;0.64893;-0.40015;0.81787;90977
"2020-08-12T12:51:23.101";36.026;9.58252;22.97974;0.64478;-0.43799;0.79004;90989
"2020-08-12T12:51:23.109";52.27661;9.24683;10.23865;0.64575;-0.46216;0.77136;90997
"2020-08-12T12:51:23.125";67.82532;12.0697;5.52368;0.62231;-0.44055;0.76013;91006
"2020-08-12T12:51:23.135";67.82532;12.0697;5.52368;0.62231;-0.44055;0.76013;91015
"2020-08-12T12:51:23.173";87.9364;11.01685;7.35474;0.50049;-0.33801;0.70996;91027
"2020-08-12T12:51:23.179";86.30371;-11.13892;21.66748;0.4397;-0.24548;0.64648;91065
"2020-08-12T12:51:23.180";89.76746;-4.13513;14.11438;0.46436;-0.29248;0.67578;91044
"2020-08-12T12:51:23.189";81.48193;-17.1814;31.21948;0.43042;-0.23071;0.60889;91073
"2020-08-12T12:51:23.220";60.9436;-32.22656;40.77148;0.34827;-0.11438;0.46118;91103
"2020-08-12T12:51:23.224";75.89722;-22.06421;39.7644;0.40771;-0.19897;0.56592;91082
"2020-08-12T12:51:23.225";69.0155;-27.05383;43.35022;0.37732;-0.16455;0.51562;91091
"2020-08-12T12:51:23.250";25.90942;-39.18457;8.95691;0.2793;-0.01318;0.32629;91129
"2020-08-12T12:51:23.251";38.8031;-38.3606;21.74377;0.31274;-0.02307;0.3728;91120
"2020-08-12T12:51:23.261";13.94653;-40.34424;-4.01306;0.24561;-0.01709;0.28943;91141
"2020-08-12T12:51:23.295";3.57056;-42.23633;-16.46423;0.21802;-0.02197;0.25513;91150
"2020-08-12T12:51:23.296";-5.11169;-44.83032;-28.27454;0.19739;-0.01489;0.22668;91159
"2020-08-12T12:51:23.303";-22.30835;-50.52185;-51.3916;0.15125;0.0144;0.17773;91179
"2020-08-12T12:51:23.324";-31.32629;-52.97852;-62.71362;0.13989;0.01306;0.16382;91188
"2020-08-12T12:51:23.325";-31.32629;-52.97852;-62.71362;0.13232;0.0094;0.1554;91197
"2020-08-12T12:51:23.327";-39.42871;-55.19104;-73.63892;0.13232;0.0094;0.1554;91205
"2020-08-12T12:51:23.338";-53.6499;-57.41882;-92.83447;0.15234;0.005;0.15198;91225
"2020-08-12T12:51:23.347";-59.70764;-56.21338;-99.65515;0.18201;-0.01196;0.1615;91234
"2020-08-12T12:51:23.354";-64.45313;-52.39868;-103.27148;0.21155;-0.02649;0.16968;91243
"2020-08-12T12:51:23.369";-68.14575;-46.38672;-102.70691;0.23303;-0.03955;0.177;91255
"2020-08-12T12:51:23.378";-70.55664;-38.92517;-97.50366;0.2533;-0.06482;0.18237;91264
"2020-08-12T12:51:23.385";-71.10596;-30.25818;-88.28735;0.2738;-0.0918;0.1853;91273
"2020-08-12T12:51:23.393";-69.70215;-20.95032;-76.75171;0.28076;-0.10132;0.18665;91282
"2020-08-12T12:51:23.416";-63.84277;-2.60925;-53.66516;0.30334;-0.09863;0.20203;91302
"2020-08-12T12:51:23.423";-60.97412;6.16455;-43.70117;0.30688;-0.08118;0.21082;91311
"2020-08-12T12:51:23.431";-58.36487;14.12964;-34.63745;0.3241;-0.08948;0.2251;91319
"2020-08-12T12:51:23.444";-54.44336;22.03369;-24.68872;0.36328;-0.12891;0.24524;91332
"2020-08-12T12:51:23.452";-47.74475;31.18896;-12.8479;0.39331;-0.146;0.26074;91341
"2020-08-12T12:51:23.461";-40.1001;40.14587;-0.90027;0.40112;-0.12927;0.26807;91349
"2020-08-12T12:51:23.470";-40.1001;40.14587;-0.90027;0.39978;-0.10364;0.28064;91358
"2020-08-12T12:51:23.483";-28.38135;51.04065;14.0686;0.39722;-0.07776;0.30249;91371
"2020-08-12T12:51:23.492";-25.08545;52.20032;17.05933;0.39368;-0.07764;0.3241;91379
"2020-08-12T12:51:23.499";-25.08545;52.20032;17.05933;0.41052;-0.13013;0.34888;91388
"2020-08-12T12:51:23.508";-21.78955;51.26953;20.29419;0.41052;-0.13013;0.34888;91397
"2020-08-12T12:51:23.520";-16.22009;49.94202;25.4364;0.45996;-0.1438;0.4054;91409
"2020-08-12T12:51:23.529";-10.40649;48.8739;30.74646;0.45996;-0.1438;0.4054;91418
"2020-08-12T12:51:23.538";-6.27136;48.9502;34.34753;0.48987;-0.11597;0.4436;91426
"2020-08-12T12:51:23.546";-5.32532;50.41504;35.33936;0.49316;-0.06348;0.47815;91435
"2020-08-12T12:51:23.567";-9.84192;48.99597;28.42712;0.48535;-0.17065;0.53137;91455
"2020-08-12T12:51:23.577";-6.75964;44.69299;24.82605;0.49841;-0.24255;0.55579;91464
"2020-08-12T12:51:23.584";-0.01526;37.55188;19.72961;0.53796;-0.30444;0.59558;91473
"2020-08-12T12:51:23.597";8.23975;32.2876;12.96997;0.62585;-0.3208;0.67798;91485
"2020-08-12T12:51:23.605";14.22119;32.69958;3.66211;0.64062;-0.27979;0.74646;91494
"2020-08-12T12:51:23.614";15.94543;32.68433;-11.2915;0.60815;-0.27661;0.7887;91502
"2020-08-12T12:51:23.623";15.54871;27.89307;-29.03748;0.58508;-0.28027;0.82324;91511
"2020-08-12T12:51:23.635";14.12964;18.31055;-45.34912;0.55237;-0.27563;0.82874;91523
"2020-08-12T12:51:23.644";12.34436;4.776;-58.80737;0.53845;-0.27075;0.81519;91532
"2020-08-12T12:51:23.652";10.83374;-9.33838;-69.44275;0.56213;-0.24585;0.80835;91541
"2020-08-12T12:51:23.661";10.83374;-9.33838;-69.44275;0.60828;-0.19653;0.82007;91550
"2020-08-12T12:51:23.674";1.93787;-25.48218;-80.59692;0.66553;-0.15613;0.8678;91562
"2020-08-12T12:51:23.684";-7.37;-26.77917;-77.98767;0.69055;-0.15771;0.88647;91571
"2020-08-12T12:51:23.693";-7.37;-26.77917;-77.98767;0.69812;-0.20239;0.8833;91580
"2020-08-12T12:51:23.699";-16.43372;-28.0304;-68.67981;0.69812;-0.20239;0.8833;91588
"2020-08-12T12:51:23.712";-22.995;-29.83093;-38.48267;0.74817;-0.23645;0.85742;91600
"2020-08-12T12:51:23.723";-22.995;-29.83093;-38.48267;0.74817;-0.23645;0.85742;91609
"2020-08-12T12:51:23.730";-22.38464;-25.34485;-28.36609;0.81165;-0.21228;0.8717;91618
"2020-08-12T12:51:23.738";-21.68274;-15.3656;-22.30835;0.86133;-0.18884;0.90063;91627
"2020-08-12T12:51:23.751";-22.10999;-2.74658;-17.1051;0.87805;-0.17383;0.93677;91639
"2020-08-12T12:51:23.759";-23.10181;8.94165;-9.1095;0.88342;-0.22839;0.97595;91647
"2020-08-12T12:51:23.768";-20.56885;16.31165;4.01306;0.86829;-0.28979;0.99451;91656
"2020-08-12T12:51:23.777";-13.03101;16.37268;17.37976;0.87048;-0.31726;1.00732;91665
"2020-08-12T12:51:23.789";-1.4801;11.67297;24.29199;0.90967;-0.32349;1.03088;91677
"2020-08-12T12:51:23.800";12.05444;7.44629;19.9585;0.96313;-0.29822;1.0752;91686
"2020-08-12T12:51:23.807";24.3988;7.09534;4.68445;1.00195;-0.29504;1.1272;91695
"2020-08-12T12:51:23.815";35.3241;10.78796;-15.02991;1.02307;-0.3501;1.16626;91704
"2020-08-12T12:51:23.827";46.06628;16.54053;-30.89905;1.03174;-0.39441;1.19043;91716
"2020-08-12T12:51:23.836";55.74036;20.58411;-38.81836;1.01599;-0.422;1.18445;91725
"2020-08-12T12:51:23.845";64.80408;18.69202;-41.64124;1.00525;-0.41235;1.16223;91733
"2020-08-12T12:51:23.853";71.42639;11.15417;-44.70825;1.02563;-0.38428;1.15222;91742
"2020-08-12T12:51:23.866";74.34082;4.05884;-47.59216;1.08142;-0.38953;1.17126;91754
"2020-08-12T12:51:23.876";74.1272;2.70081;-45.89844;1.12939;-0.40515;1.20374;91763
"2020-08-12T12:51:23.883";74.1272;2.70081;-45.89844;1.13464;-0.41235;1.23303;91772
"2020-08-12T12:51:23.892";70.63293;7.30896;-37.56714;1.13464;-0.41235;1.23303;91781
"2020-08-12T12:51:23.905";54.70276;18.41736;0.59509;1.10925;-0.41125;1.25024;91793
"2020-08-12T12:51:23.915";54.70276;18.41736;0.59509;1.11731;-0.40381;1.24744;91802
"2020-08-12T12:51:23.922";43.71643;19.4397;28.01514;1.11731;-0.40381;1.24744;91810
"2020-08-12T12:51:23.931";32.08923;19.21082;55.3894;1.14478;-0.39978;1.25635;91819
"2020-08-12T12:51:23.943";21.11816;19.6228;76.44653;1.16467;-0.40613;1.28857;91831
"2020-08-12T12:51:23.952";11.01685;20.49255;88.91296;1.16467;-0.40613;1.28857;91840
"2020-08-12T12:51:23.960";1.44958;22.9187;93.79578;1.14856;-0.40991;1.30994;91849
"2020-08-12T12:51:23.969";-8.45337;27.00806;93.03284;1.0896;-0.40845;1.31824;91857
"2020-08-12T12:51:23.981";-18.46313;29.40369;89.00452;1.01868;-0.41528;1.31213;91869
"2020-08-12T12:51:23.998";-27.90833;27.08435;82.91626;0.96033;-0.43469;1.30627;91879
"2020-08-12T12:51:24.001";-35.96497;19.04297;72.32666;0.91345;-0.47217;1.29834;91887
"2020-08-12T12:51:24.008";-40.83252;5.85937;53.58887;0.88232;-0.51526;1.28149;91896
"2020-08-12T12:51:24.020";-42.31262;-8.74329;26.10779;0.87952;-0.54285;1.26697;91908
"2020-08-12T12:51:24.030";-41.41235;-19.94324;-6.14929;0.88269;-0.54846;1.24927;91917
"2020-08-12T12:51:24.038";-40.64941;-27.28271;-38.11646;0.86584;-0.52991;1.2323;91926
"2020-08-12T12:51:24.046";-41.44287;-33.00476;-63.96484;0.8335;-0.50891;1.21179;91934
"2020-08-12T12:51:24.058";-44.12842;-38.13171;-77.46887;0.81152;-0.49683;1.18945;91946
"2020-08-12T12:51:24.069";-47.63794;-42.78564;-74.98169;0.80054;-0.4917;1.15564;91955
"2020-08-12T12:51:24.086";-50.46082;-47.28699;-57.89185;0.81506;-0.47058;1.11987;91964
"2020-08-12T12:51:24.087";-50.46082;-47.28699;-57.89185;0.84753;-0.42859;1.07471;91973
"2020-08-12T12:51:24.098";-54.88586;-50.64392;-4.95911;0.88452;-0.38416;1.02722;91985
"2020-08-12T12:51:24.108";-56.80847;-45.47119;18.76831;0.91711;-0.34326;0.98645;91994
"2020-08-12T12:51:24.116";-56.80847;-45.47119;18.76831;0.9314;-0.31592;0.94946;92003
"2020-08-12T12:51:24.125";-58.86841;-33.64563;39.27612;0.9314;-0.31592;0.94946;92012
"2020-08-12T12:51:24.136";-58.80737;4.5929;83.6792;0.91638;-0.3429;0.89099;92024
"2020-08-12T12:51:24.146";-58.80737;4.5929;83.6792;0.88513;-0.35754;0.86938;92033
"2020-08-12T12:51:24.156";-53.66516;23.65112;111.69434;0.88513;-0.35754;0.86938;92041
"2020-08-12T12:51:24.176";-34.51538;39.68811;147.2168;0.77673;-0.27612;0.83899;92062
"2020-08-12T12:51:24.196";-44.60144;35.88867;135.5896;0.82886;-0.32422;0.85217;92050
"2020-08-12T12:51:24.197";-17.97485;35.69031;131.46973;0.70715;-0.25281;0.82629;92080
"2020-08-12T12:51:24.211";-25.54321;38.69629;145.26367;0.74402;-0.2428;0.83289;92071
"2020-08-12T12:51:24.225";15.74707;7.08008;52.78015;0.6189;-0.40955;0.8064;92110
"2020-08-12T12:51:24.239";32.08923;-7.67517;23.42224;0.6001;-0.42419;0.78357;92118
"2020-08-12T12:51:24.241";-9.61304;20.62988;81.57349;0.66809;-0.3031;0.82263;92101
"2020-08-12T12:51:24.249";47.71423;-20.96558;-4.95911;0.57935;-0.41345;0.75024;92127
"2020-08-12T12:51:24.258";60.79102;-30.59387;-29.58679;0.56775;-0.38892;0.71887;92139
"2020-08-12T12:51:24.260";70.23621;-35.20203;-47.50061;0.54773;-0.35229;0.68774;92148
"2020-08-12T12:51:24.271";76.06506;-35.98022;-56.33545;0.52307;-0.33337;0.65515;92157
"2020-08-12T12:51:24.277";79.71191;-34.82056;-55.13;0.51831;-0.328;0.62524;92165
"2020-08-12T12:51:24.301";84.33533;-30.04456;-26.35193;0.51501;-0.30286;0.56042;92186
"2020-08-12T12:51:24.313";84.33533;-30.04456;-26.35193;0.50208;-0.27014;0.52271;92195
"2020-08-12T12:51:24.320";84.76257;-28.41187;-4.48608;0.50208;-0.27014;0.52271;92204
"2020-08-12T12:51:24.333";78.32336;-26.56555;34.9884;0.44702;-0.18127;0.44556;92216
"2020-08-12T12:51:24.338";78.32336;-26.56555;34.9884;0.4198;-0.13977;0.41663;92225
"2020-08-12T12:51:24.345";71.82312;-25.86365;45.95947;0.4198;-0.13977;0.41663;92233
"2020-08-12T12:51:24.353";64.20898;-24.50562;51.04065;0.40747;-0.11548;0.40295;92242
"2020-08-12T12:51:24.365";56.25916;-21.37756;52.67334;0.40808;-0.11536;0.39807;92254
"2020-08-12T12:51:24.374";49.02649;-16.43372;52.81067;0.40283;-0.12305;0.39038;92263
"2020-08-12T12:51:24.383";43.02979;-11.52039;51.45264;0.37744;-0.12085;0.36279;92271
"2020-08-12T12:51:24.392";37.42981;-9.44519;46.82922;0.34131;-0.1012;0.33569;92280
"2020-08-12T12:51:24.414";24.03259;-16.31165;18.70728;0.26892;-0.04443;0.28894;92301
"2020-08-12T12:51:24.421";16.12854;-23.83423;-3.9978;0.23608;-0.02734;0.27148;92309
"2020-08-12T12:51:24.429";7.87354;-31.55518;-28.96118;0.22681;-0.01868;0.25195;92318
"2020-08-12T12:51:24.442";-0.39673;-37.94861;-53.2074;0.22595;-0.01233;0.23376;92330
"2020-08-12T12:51:24.451";-8.48389;-42.70935;-74.76807;0.21655;-0.00085;0.21277;92339
"2020-08-12T12:51:24.460";-17.16614;-46.08154;-92.77344;0.21252;0.01221;0.19897;92348
"2020-08-12T12:51:24.468";-26.84021;-47.68372;-106.55212;0.21472;0.01221;0.19165;92356
"2020-08-12T12:51:24.480";-36.83472;-47.3938;-115.31067;0.21338;0.00281;0.1864;92369
"2020-08-12T12:51:24.491";-46.29517;-46.03577;-119.14063;0.21143;-0.01221;0.18213;92377
"2020-08-12T12:51:24.498";-46.29517;-46.03577;-119.14063;0.22571;-0.03333;0.1864;92386
"2020-08-12T12:51:24.506";-54.50439;-43.73169;-118.04199;0.22571;-0.03333;0.1864;92395
"2020-08-12T12:51:24.519";-66.92505;-34.13391;-103.21045;0.27026;-0.05701;0.20142;92407
"2020-08-12T12:51:24.529";-66.92505;-34.13391;-103.21045;0.27808;-0.06531;0.1991;92416
"2020-08-12T12:51:24.536";-71.38062;-27.38953;-91.79688;0.27808;-0.06531;0.1991;92425
"2020-08-12T12:51:24.545";-74.34082;-20.70618;-79.46777;0.28662;-0.0719;0.20105;92433
"2020-08-12T12:51:24.557";-76.23291;-14.4043;-66.20789;0.29443;-0.07898;0.20557;92445
"2020-08-12T12:51:24.566";-77.17896;-8.66699;-51.94092;0.30371;-0.08447;0.20996;92454
"2020-08-12T12:51:24.574";-76.81274;-3.32642;-37.12463;0.32202;-0.08484;0.21716;92463
"2020-08-12T12:51:24.583";-75.71411;2.2583;-21.63696;0.34485;-0.08362;0.22803;92471
"2020-08-12T12:51:24.596";-73.44055;8.37708;-5.92041;0.36755;-0.08545;0.24231;92484
"2020-08-12T12:51:24.606";-70.22095;15.67078;9.07898;0.38904;-0.09998;0.2572;92493
"2020-08-12T12:51:24.613";-65.52124;23.63586;22.94922;0.40735;-0.12622;0.27429;92501
"2020-08-12T12:51:24.621";-58.44116;30.8075;35.15625;0.41785;-0.14551;0.29712;92510
"2020-08-12T12:51:24.634";-50.27771;36.81946;44.60144;0.41492;-0.13684;0.32239;92522
"2020-08-12T12:51:24.645";-43.16711;40.06958;50.23193;0.38965;-0.12756;0.33655;92531
"2020-08-12T12:51:24.651";-36.52954;39.03198;51.48315;0.37085;-0.12463;0.34839;92540
"2020-08-12T12:51:24.660";-29.80042;34.19495;49.56055;0.38123;-0.14246;0.36121;92548
"2020-08-12T12:51:24.673";-22.38464;27.90833;45.86792;0.41272;-0.17371;0.38379;92561
"2020-08-12T12:51:24.681";-14.22119;22.4762;40.39001;0.45349;-0.17908;0.42639;92569
"2020-08-12T12:51:24.689";-7.56836;20.29419;32.97424;0.50464;-0.18152;0.47998;92578
"2020-08-12T12:51:24.699";-7.56836;20.29419;32.97424;0.50464;-0.18152;0.47998;92587
"2020-08-12T12:51:24.711";-0.65613;25.13123;16.86096;0.5553;-0.20374;0.56409;92599
"2020-08-12T12:51:24.721";1.23596;26.67236;10.17761;0.55151;-0.23242;0.57446;92608
"2020-08-12T12:51:24.729";1.23596;26.67236;10.17761;0.55151;-0.23242;0.57446;92617
"2020-08-12T12:51:24.769";3.90625;24.55139;4.19617;0.54126;-0.24963;0.57544;92626
"2020-08-12T12:51:24.770";7.33948;19.56177;-2.48718;0.599;-0.25427;0.61621;92638
"2020-08-12T12:51:24.775";9.23157;13.96179;-20.9198;0.67957;-0.30066;0.73022;92664
"2020-08-12T12:51:24.788";7.38525;16.20483;-21.31653;0.68445;-0.32837;0.76416;92676
"2020-08-12T12:51:24.798";5.31006;15.79285;-16.922;0.6665;-0.33826;0.77173;92685
"2020-08-12T12:51:24.806";3.479;10.48279;-9.0332;0.64868;-0.33411;0.75452;92694
"2020-08-12T12:51:24.814";2.19727;1.37329;-0.88501;0.65491;-0.3186;0.73779;92703
"2020-08-12T12:51:24.827";2.19727;-6.79016;4.76074;0.72839;-0.35596;0.75342;92715
"2020-08-12T12:51:24.837";5.34058;-8.28552;7.70569;0.81177;-0.37964;0.78662;92724
"2020-08-12T12:51:24.844";9.53674;-2.57874;5.52368;0.86694;-0.34937;0.84045;92732
"2020-08-12T12:51:24.853";11.67297;7.35474;-1.51062;0.8905;-0.31897;0.88513;92741
"2020-08-12T12:51:24.864";11.8103;17.04407;-9.27734;0.88135;-0.30579;0.9082;92753
"2020-08-12T12:51:24.874";11.41357;22.62878;-13.68713;0.88501;-0.323;0.92261;92762
"2020-08-12T12:51:24.882";12.64954;23.80371;-12.77161;0.8866;-0.33069;0.92346;92771
"2020-08-12T12:51:24.891";12.64954;23.80371;-12.77161;0.89478;-0.32495;0.91553;92779
"2020-08-12T12:51:24.904";21.14868;17.04407;-10.36072;0.94568;-0.32629;0.9397;92791
"2020-08-12T12:51:24.913";27.03857;18.31055;-12.72583;0.99878;-0.3302;1.00012;92801
"2020-08-12T12:51:24.922";27.03857;18.31055;-12.72583;1.02283;-0.37878;1.0625;92809
"2020-08-12T12:51:24.930";32.85217;24.94812;-16.64734;1.02283;-0.37878;1.0625;92818
"2020-08-12T12:51:24.942";49.11804;37.90283;-18.64624;1.00391;-0.47607;1.12988;92830
"2020-08-12T12:51:24.952";49.11804;37.90283;-18.64624;1.00757;-0.48108;1.14038;92839
"2020-08-12T12:51:24.960";58.97522;39.67285;-15.74707;1.00757;-0.48108;1.14038;92848
"2020-08-12T12:51:24.968";68.28308;39.5813;-11.04736;1.01855;-0.45679;1.15173;92857
"2020-08-12T12:51:24.981";75.19531;39.23035;-6.97327;1.01758;-0.42578;1.17273;92869
"2020-08-12T12:51:24.996";78.97949;38.66577;-4.44031;1.01123;-0.39819;1.20581;92877
"2020-08-12T12:51:25.005";78.8269;36.77368;-2.91443;1.0061;-0.36206;1.24622;92886
"2020-08-12T12:51:25.007";74.21875;32.45544;-2.18201;1.00708;-0.33752;1.28491;92895
"2020-08-12T12:51:25.025";65.76538;26.39771;0.48828;1.04004;-0.32288;1.32336;92908
"2020-08-12T12:51:25.029";54.00085;20.99609;6.69861;1.07959;-0.30591;1.35742;92916
"2020-08-12T12:51:25.037";40.0238;17.41028;15.09094;1.10706;-0.28723;1.38428;92925
"2020-08-12T12:51:25.045";23.84949;15.83862;24.30725;1.10986;-0.26025;1.41089;92934
"2020-08-12T12:51:25.058";4.94385;15.38086;34.50012;1.08521;-0.2395;1.44067;92946
"2020-08-12T12:51:25.066";-16.22009;12.90894;48.26355;1.06042;-0.26294;1.46399;92954
"2020-08-12T12:51:25.074";-37.00256;6.8512;66.17737;1.04382;-0.31787;1.4679;92963
"2020-08-12T12:51:25.083";-54.33655;-2.18201;84.03015;1.03223;-0.37439;1.44604;92972
"2020-08-12T12:51:25.095";-66.80298;-11.90186;95.45898;1.02405;-0.42285;1.4104;92984
"2020-08-12T12:51:25.105";-73.62366;-19.13452;96.61865;1.02173;-0.47864;1.3728;92993
"2020-08-12T12:51:25.117";-74.60022;-21.49963;88.28735;1.0155;-0.54419;1.33875;93001
"2020-08-12T12:51:25.126";-74.60022;-21.49963;88.28735;0.98413;-0.60181;1.29651;93010
"2020-08-12T12:51:25.136";-61.47766;-14.28223;58.2428;0.93689;-0.65173;1.26147;93023
"2020-08-12T12:51:25.146";-61.47766;-14.28223;58.2428;0.88257;-0.72009;1.23621;93031
"2020-08-12T12:51:25.156";-49.95728;-10.26917;44.0979;0.88257;-0.72009;1.23621;93040
"2020-08-12T12:51:25.182";-5.72205;-24.33777;12.60376;0.7804;-0.76929;1.11462;93070
"2020-08-12T12:51:25.196";-36.026;-9.68933;32.50122;0.83618;-0.76306;1.20435;93049
"2020-08-12T12:51:25.198";-20.98083;-14.93835;22.10999;0.7804;-0.76929;1.11462;93061
"2020-08-12T12:51:25.222";29.5105;-38.57422;-8.49915;0.77246;-0.55066;1.04114;93108
"2020-08-12T12:51:25.230";8.5144;-33.70667;-7.98035;0.7804;-0.74048;1.07996;93099
"2020-08-12T12:51:25.257";15.8844;-26.9165;25.97046;0.79346;-0.43225;0.9375;93138
"2020-08-12T12:51:25.277";27.20642;-34.77478;-3.52478;0.76611;-0.49194;1.01221;93117
"2020-08-12T12:51:25.278";9.18579;-20.30945;47.66846;0.80933;-0.40002;0.89734;93147
"2020-08-12T12:51:25.279";1.9989;-10.83374;69.07654;0.81372;-0.37268;0.86902;93155
"2020-08-12T12:51:25.297";-11.45935;11.00159;105.80444;0.80078;-0.3429;0.84412;93176
"2020-08-12T12:51:25.299";-16.54053;19.65332;118.72864;0.76917;-0.33069;0.83398;93185
"2020-08-12T12:51:25.315";-19.42444;25.22278;126.89209;0.74146;-0.34326;0.82117;93194
"2020-08-12T12:51:25.323";-19.42444;25.22278;126.89209;0.71118;-0.34521;0.80005;93202
"2020-08-12T12:51:25.333";-16.63208;24.06311;122.05505;0.67627;-0.34216;0.78516;93215
"2020-08-12T12:51:25.339";-12.49695;15.82336;102.02026;0.64124;-0.35059;0.77234;93224
"2020-08-12T12:51:25.345";-12.49695;15.82336;102.02026;0.62415;-0.35986;0.77136;93233
"2020-08-12T12:51:25.353";-6.60706;3.58582;69.85474;0.62415;-0.35986;0.77136;93241
"2020-08-12T12:51:25.366";8.255;-16.922;-13.83972;0.59607;-0.38171;0.75208;93253
"2020-08-12T12:51:25.374";8.255;-16.922;-13.83972;0.58264;-0.39343;0.72754;93262
"2020-08-12T12:51:25.382";17.48657;-21.74377;-54.38232;0.58264;-0.39343;0.72754;93271
"2020-08-12T12:51:25.391";27.32849;-23.01025;-87.09717;0.56653;-0.40259;0.69995;93280
"2020-08-12T12:51:25.403";37.85706;-21.72852;-107.52869;0.55957;-0.41565;0.66406;93292
"2020-08-12T12:51:25.413";48.52295;-18.87512;-113.75427;0.54187;-0.40186;0.63562;93300
"2020-08-12T12:51:25.421";57.80029;-15.51819;-107.74231;0.52478;-0.38464;0.61621;93310
"2020-08-12T12:51:25.430";65.52124;-12.25281;-91.4917;0.50842;-0.36536;0.59448;93318
"2020-08-12T12:51:25.442";71.85364;-9.87244;-69.15283;0.48901;-0.33447;0.57141;93331
"2020-08-12T12:51:25.451";76.50757;-8.31604;-44.73877;0.47778;-0.31335;0.54541;93339
"2020-08-12T12:51:25.459";79.69666;-6.95801;-19.94324;0.46082;-0.27869;0.51196;93348
"2020-08-12T12:51:25.468";81.39038;-6.50024;2.82288;0.43555;-0.23474;0.46973;93357
"2020-08-12T12:51:25.481";81.1615;-7.20215;21.63696;0.41418;-0.19067;0.43567;93369
"2020-08-12T12:51:25.489";78.67432;-7.75146;35.98022;0.40259;-0.14368;0.41113;93377
"2020-08-12T12:51:25.498";73.56262;-6.86646;46.32568;0.38782;-0.08704;0.396;93386
"2020-08-12T12:51:25.506";64.74304;-4.85229;52.47498;0.35254;-0.0426;0.36914;93395
"2020-08-12T12:51:25.528";41.80908;-5.08118;49.66736;0.26733;-0.01611;0.32361;93415
"2020-08-12T12:51:25.536";41.80908;-5.08118;49.66736;0.23511;-0.02039;0.30371;93424
"2020-08-12T12:51:25.544";30.85327;-9.552;40.32898;0.23511;-0.02039;0.30371;93433
"2020-08-12T12:51:25.557";12.05444;-24.16992;12.146;0.21973;-0.01428;0.27075;93445
"2020-08-12T12:51:25.566";12.05444;-24.16992;12.146;0.22266;0.00183;0.25513;93454
"2020-08-12T12:51:25.574";2.96021;-30.8075;-3.2959;0.22266;0.00183;0.25513;93463
"2020-08-12T12:51:25.582";-6.57654;-35.56824;-17.99011;0.22131;0.01929;0.24683;93471
"2020-08-12T12:51:25.595";-16.28113;-38.71155;-31.09741;0.21533;0.03003;0.2323;93483
"2020-08-12T12:51:25.603";-25.58899;-41.1377;-42.58728;0.20117;0.0343;0.22119;93492
"2020-08-12T12:51:25.612";-33.96606;-43.33496;-52.12402;0.19788;0.02869;0.21558;93501
"2020-08-12T12:51:25.622";-41.21399;-44.26575;-59.08203;0.21313;0.01086;0.22217;93509
"2020-08-12T12:51:25.634";-47.04285;-42.8009;-63.12561;0.23206;-0.00659;0.23083;93522
"2020-08-12T12:51:25.644";-51.72729;-39.13879;-64.39209;0.24561;-0.0199;0.23413;93531
"2020-08-12T12:51:25.651";-55.37415;-33.90503;-63.32397;0.25708;-0.02942;0.23462;93539
"2020-08-12T12:51:25.659";-58.31909;-27.45056;-60.98938;0.25977;-0.03442;0.23108;93548
"2020-08-12T12:51:25.680";-62.45422;-13.97705;-52.4292;0.29346;-0.05322;0.2384;93568
"2020-08-12T12:51:25.689";-62.82043;-5.8136;-45.79163;0.30933;-0.06152;0.24536;93577
"2020-08-12T12:51:25.697";-62.22534;2.62451;-38.37585;0.31531;-0.06897;0.24854;93586
"2020-08-12T12:51:25.710";-60.63843;10.81848;-31.11267;0.32983;-0.08008;0.26257;93598
"2020-08-12T12:51:25.721";-58.25806;18.75305;-23.81897;0.34802;-0.08984;0.27368;93607
"2020-08-12T12:51:25.728";-58.25806;18.75305;-23.81897;0.36243;-0.09167;0.28381;93616
"2020-08-12T12:51:25.736";-55.58777;25.92468;-16.34216;0.36243;-0.09167;0.28381;93625
"2020-08-12T12:51:25.758";-49.75891;36.2854;-0.54932;0.39722;-0.10645;0.33105;93645
"2020-08-12T12:51:25.765";-46.49353;39.77966;9.23157;0.4093;-0.11316;0.35547;93653
"2020-08-12T12:51:25.774";-43.16711;40.96985;19.68384;0.40039;-0.11719;0.3728;93662
"2020-08-12T12:51:25.786";-39.52026;38.26904;29.72412;0.39453;-0.13062;0.38611;93674
"2020-08-12T12:51:25.795";-35.30884;32.42493;38.65051;0.40088;-0.13586;0.39673;93683
"2020-08-12T12:51:25.804";-31.35681;25.08545;45.74585;0.41687;-0.12842;0.41846;93692
"2020-08-12T12:51:25.812";-28.90015;18.50891;50.41504;0.44824;-0.13074;0.46216;93700
"2020-08-12T12:51:25.825";-27.29797;15.06042;53.31421;0.49426;-0.16382;0.51001;93713
"2020-08-12T12:51:25.835";-25.02441;14.6637;55.16052;0.51697;-0.18701;0.53845;93722
"2020-08-12T12:51:25.844";-22.30835;15.01465;54.74854;0.51782;-0.19214;0.55042;93731
"2020-08-12T12:51:25.851";-19.66858;14.46533;51.3916;0.50708;-0.18042;0.54004;93739
"2020-08-12T12:51:25.863";-17.89856;11.87134;43.68591;0.49731;-0.15466;0.53479;93752
"2020-08-12T12:51:25.874";-18.29529;9.35364;32.25708;0.52917;-0.1571;0.58081;93760
"2020-08-12T12:51:25.881";-19.83643;10.72693;21.78955;0.57837;-0.22571;0.65344;93769
"2020-08-12T12:51:25.889";-19.56177;15.56396;15.68604;0.61353;-0.30554;0.71436;93778
"2020-08-12T12:51:25.901";-17.42554;21.08765;12.90894;0.6228;-0.33972;0.74866;93790
"2020-08-12T12:51:25.910";-14.87732;23.45276;11.71875;0.61292;-0.34399;0.75586;93798
"2020-08-12T12:51:25.919";-14.87732;23.45276;11.71875;0.59277;-0.3147;0.75159;93807
"2020-08-12T12:51:25.927";-12.86316;20.55359;9.65881;0.59277;-0.3147;0.75159;93816
"2020-08-12T12:51:25.940";-10.02502;3.20435;1.8158;0.61121;-0.42346;0.7793;93828
"2020-08-12T12:51:25.950";-10.02502;3.20435;1.8158;0.66687;-0.49976;0.81726;93837
"2020-08-12T12:51:25.957";-4.15039;-3.96729;1.43433;0.66687;-0.49976;0.81726;93846
"2020-08-12T12:51:25.966";3.98254;-4.71497;4.2572;0.72107;-0.5426;0.875;93855
"2020-08-12T12:51:25.978";11.70349;-0.2594;8.54492;0.73938;-0.52014;0.90857;93867
"2020-08-12T12:51:25.987";16.37268;3.44849;12.71057;0.72095;-0.49829;0.90479;93875
"2020-08-12T12:51:25.996";19.76013;2.01416;17.04407;0.7041;-0.50476;0.88342;93884
"2020-08-12T12:51:26.011";24.04785;-4.47083;20.82825;0.69165;-0.50818;0.85156;93893
"2020-08-12T12:51:26.043";37.70447;-15.54871;22.84241;0.81384;-0.60437;0.90674;93913
"2020-08-12T12:51:26.044";45.48645;-11.1084;22.18628;0.83337;-0.58179;0.94885;93922
"2020-08-12T12:51:26.045";49.78943;-4.68445;17.08984;0.82605;-0.55042;0.9812;93931
"2020-08-12T12:51:26.057";50.46082;-1.15967;10.74219;0.81091;-0.51367;0.99182;93943
"2020-08-12T12:51:26.065";48.26355;-2.76184;6.19507;0.79211;-0.48621;0.97534;93952
"2020-08-12T12:51:26.072";44.96765;-9.27734;4.11987;0.79004;-0.46179;0.94739;93961
"2020-08-12T12:51:26.080";41.62598;-17.4408;1.12915;0.8197;-0.41382;0.92944;93969
"2020-08-12T12:51:26.093";37.13989;-23.11707;-5.85937;0.87305;-0.36792;0.93054;93981
"2020-08-12T12:51:26.102";30.77698;-23.72742;-16.5863;0.91003;-0.34106;0.96265;93990
"2020-08-12T12:51:26.114";22.76611;-20.11108;-28.67126;0.94092;-0.37524;1.02161;93999
"2020-08-12T12:51:26.138";9.41467;-7.26318;-36.89575;0.98962;-0.50134;1.11218;94020
"2020-08-12T12:51:26.143";9.41467;-7.26318;-36.89575;1.01172;-0.55664;1.11536;94029
"2020-08-12T12:51:26.153";5.93567;-20.11108;-28.67126;1.01172;-0.55664;1.11536;94038
"2020-08-12T12:51:26.163";5.26428;1.89209;-13.96179;1.06519;-0.58435;1.12512;94046
"2020-08-12T12:51:26.189";13.77869;27.40479;29.63257;1.11389;-0.72192;1.18909;94076
"2020-08-12T12:51:26.209";9.2926;16.22009;17.79175;1.13611;-0.68274;1.1731;94067
"2020-08-12T12:51:26.229";21.75903;46.27991;41.29028;1.01367;-0.63037;1.18555;94097
"2020-08-12T12:51:26.230";23.45276;51.08643;42.44995;0.96753;-0.67419;1.17627;94106
"2020-08-12T12:51:26.251";14.25171;40.55786;34.97314;0.85815;-0.625;1.19214;94136
"2020-08-12T12:51:26.271";4.28772;24.10889;29.66309;0.79871;-0.65686;1.20227;94153
"2020-08-12T12:51:26.282";-0.45776;16.23535;21.42334;0.76477;-0.6626;1.1991;94162
"2020-08-12T12:51:26.287";9.20105;32.34863;32.92847;0.82935;-0.64551;1.20032;94145
"2020-08-12T12:51:26.295";-5.02014;9.04846;7.70569;0.73645;-0.66296;1.2019;94174
"2020-08-12T12:51:26.306";-16.34216;-2.86865;-20.87402;0.70178;-0.63123;1.16638;94192
"2020-08-12T12:51:26.320";-23.57483;-9.23157;-27.37427;0.70264;-0.59985;1.13086;94200
"2020-08-12T12:51:26.331";-31.82983;-15.35034;-26.53503;0.71814;-0.57324;1.10425;94213
"2020-08-12T12:51:26.347";-40.43579;-18.82935;-18.6615;0.73926;-0.55835;1.07764;94221
"2020-08-12T12:51:26.357";-48.96545;-18.24951;-5.34058;0.76343;-0.55237;1.05103;94239
"2020-08-12T12:51:26.379";-62.36267;-1.77002;28.12195;0.80505;-0.5614;0.99719;94251
"2020-08-12T12:51:26.387";-66.28418;11.39832;43.16711;0.80615;-0.56067;0.97437;94269
"2020-08-12T12:51:26.397";-67.97791;23.20862;53.87878;0.80005;-0.55994;0.96057;94277
"2020-08-12T12:51:26.407";-63.09509;37.01782;61.26404;0.77637;-0.5575;0.94739;94292
"2020-08-12T12:51:26.414";-63.09509;37.01782;61.26404;0.75366;-0.56128;0.94922;94301
"2020-08-12T12:51:26.423";-57.55615;40.13062;59.32617;0.75366;-0.56128;0.94922;94310
"2020-08-12T12:51:26.432";-50.20142;41.35132;55.92346;0.72815;-0.56909;0.94543;94318
"2020-08-12T12:51:26.445";-30.2887;34.86633;44.32678;0.66077;-0.60059;0.92493;94333
"2020-08-12T12:51:26.455";-17.8833;27.9541;33.66089;0.63525;-0.60352;0.9137;94343
"2020-08-12T12:51:26.463";-17.8833;27.9541;33.66089;0.61023;-0.59863;0.90125;94351
"2020-08-12T12:51:26.471";-4.69971;20.30945;17.99011;0.61023;-0.59863;0.90125;94360
"2020-08-12T12:51:26.495";31.25;6.63757;-35.62927;0.54431;-0.56812;0.85767;94383
"2020-08-12T12:51:26.503";31.25;6.63757;-35.62927;0.5282;-0.54053;0.84753;94391
"2020-08-12T12:51:26.511";40.81726;5.40161;-44.75403;0.5282;-0.54053;0.84753;94400
"2020-08-12T12:51:26.527";53.97034;3.69263;-33.69141;0.51355;-0.51855;0.83264;94415
"2020-08-12T12:51:26.535";58.09021;2.48718;-14.55688;0.51917;-0.48743;0.83044;94424
"2020-08-12T12:51:26.545";59.69238;1.38855;9.15527;0.51636;-0.46814;0.81775;94433
"2020-08-12T12:51:26.554";59.69238;1.38855;9.15527;0.50513;-0.44714;0.8064;94442
"2020-08-12T12:51:26.569";56.67114;-2.22778;56.18286;0.49414;-0.427;0.80261;94457
"2020-08-12T12:51:26.578";53.6499;-5.46265;73.73047;0.48279;-0.42126;0.80322;94466
"2020-08-12T12:51:26.586";50.9491;-9.90295;85.55603;0.46765;-0.41614;0.79089;94474
"2020-08-12T12:51:26.595";49.37744;-15.76233;90.59143;0.44482;-0.39905;0.77002;94483
"2020-08-12T12:51:26.610";48.27881;-22.94922;88.13477;0.42639;-0.36743;0.74707;94498
"2020-08-12T12:51:26.619";46.63086;-30.18188;78.39966;0.41553;-0.32776;0.72339;94507
"2020-08-12T12:51:26.627";43.27393;-36.60583;60.98938;0.40063;-0.27393;0.69727;94516
"2020-08-12T12:51:26.635";37.53662;-43.70117;34.94263;0.37695;-0.23853;0.66248;94524
"2020-08-12T12:51:26.651";30.60913;-51.49841;2.7771;0.37756;-0.24146;0.64856;94539
"2020-08-12T12:51:26.659";24.24622;-57.02209;-30.01404;0.38672;-0.2522;0.63806;94548
"2020-08-12T12:51:26.669";19.07349;-60.21118;-59.7229;0.39148;-0.26819;0.6134;94557
"2020-08-12T12:51:26.677";15.44189;-61.85913;-83.00781;0.40222;-0.27905;0.58203;94566
"2020-08-12T12:51:26.693";13.29041;-61.9812;-98.0072;0.4054;-0.27795;0.54346;94581
"2020-08-12T12:51:26.701";12.0697;-61.37085;-106.01807;0.3938;-0.25415;0.49341;94589
"2020-08-12T12:51:26.710";11.0321;-60.89783;-109.92432;0.38037;-0.22131;0.45154;94598
"2020-08-12T12:51:26.718";9.33838;-60.05859;-111.87744;0.36914;-0.18188;0.4115;94607
"2020-08-12T12:51:26.734";6.34766;-58.59375;-112.80823;0.34338;-0.13599;0.37549;94622
"2020-08-12T12:51:26.744";1.86157;-57.38831;-112.19788;0.33142;-0.11597;0.34521;94631
"2020-08-12T12:51:26.752";-2.97546;-55.03845;-107.52869;0.33984;-0.10229;0.32092;94640
"2020-08-12T12:51:26.761";-8.19397;-50.65918;-97.96143;0.34656;-0.08569;0.29651;94649
"2020-08-12T12:51:26.775";-14.0686;-44.57092;-84.8999;0.32996;-0.05176;0.24597;94664
"2020-08-12T12:51:26.784";-20.03479;-37.65869;-70.99915;0.32996;-0.05176;0.24597;94673
"2020-08-12T12:51:26.795";-26.44348;-30.70068;-58.33435;0.31567;-0.0293;0.23083;94681
"2020-08-12T12:51:26.802";-33.5083;-23.31543;-47.89734;0.30615;-0.0094;0.22705;94690
"2020-08-12T12:51:26.816";-48.24829;-11.1084;-34.77478;0.26843;0.0144;0.21167;94705
"2020-08-12T12:51:26.825";-48.24829;-11.1084;-34.77478;0.26099;0.01721;0.20752;94714
"2020-08-12T12:51:26.835";-54.93164;-7.88879;-31.78406;0.26099;0.01721;0.20752;94722
"2020-08-12T12:51:26.843";-60.66895;-5.84412;-30.34973;0.26685;0.0127;0.20801;94731
"2020-08-12T12:51:26.859";-69.10706;-1.78528;-29.26636;0.29041;0.00037;0.23621;94746
"2020-08-12T12:51:26.868";-71.51794;1.297;-27.5116;0.30469;-0.01855;0.25549;94755
"2020-08-12T12:51:26.875";-71.51794;1.297;-27.5116;0.30945;-0.03723;0.26807;94764
"2020-08-12T12:51:26.885";-72.17407;4.65393;-24.61243;0.30945;-0.03723;0.26807;94773
"2020-08-12T12:51:26.899";-68.61877;7.85828;-19.56177;0.31299;-0.06494;0.28564;94788
"2020-08-12T12:51:26.908";-65.52124;8.46863;-17.47131;0.34375;-0.07922;0.30786;94796
"2020-08-12T12:51:26.918";-62.2406;10.849;-14.31274;0.37402;-0.08875;0.33289;94805
"2020-08-12T12:51:26.925";-62.2406;10.849;-14.31274;0.37402;-0.08875;0.33289;94814
"2020-08-12T12:51:26.940";-56.15234;19.47021;-6.08826;0.40649;-0.11633;0.39978;94829
"2020-08-12T12:51:26.950";-52.50549;24.27673;0.45776;0.42175;-0.16199;0.42517;94837
"2020-08-12T12:51:26.958";-46.73767;27.34375;8.71277;0.41333;-0.20264;0.43311;94846
"2020-08-12T12:51:26.966";-46.73767;27.34375;8.71277;0.40686;-0.21936;0.43591;94855
"2020-08-12T12:51:26.984";-30.86853;21.85059;23.78845;0.41504;-0.21399;0.44983;94870
"2020-08-12T12:51:26.991";-24.76501;15.65552;27.9541;0.41284;-0.18054;0.46228;94879
"2020-08-12T12:51:27.000";-22.07947;7.70569;27.19116;0.39661;-0.14673;0.47461;94888
"2020-08-12T12:51:27.008";-22.2168;-1.37329;21.82007;0.40784;-0.17444;0.50757;94896
"2020-08-12T12:51:27.028";-22.06421;-9.53674;16.52527;0.45068;-0.25928;0.54724;94909
"2020-08-12T12:51:27.034";-19.30237;-15.30457;15.59448;0.49304;-0.31335;0.57568;94917
"2020-08-12T12:51:27.039";-15.64026;-19.86694;18.23425;0.50464;-0.32581;0.57251;94926
"2020-08-12T12:51:27.046";-15.64026;-19.86694;18.23425;0.50464;-0.32581;0.57251;94935
"2020-08-12T12:51:27.060";-11.45935;-30.62439;20.61462;0.52087;-0.27002;0.5531;94948
"2020-08-12T12:51:27.068";-12.98523;-32.33337;17.15088;0.56714;-0.276;0.5791;94957
"2020-08-12T12:51:27.077";-12.98523;-32.33337;17.15088;0.63403;-0.34338;0.63757;94965
"2020-08-12T12:51:27.085";-15.1062;-28.64075;14.86206;0.63403;-0.34338;0.63757;94974
"2020-08-12T12:51:27.098";-15.47241;-20.76721;17.1051;0.60815;-0.42847;0.67102;94986
"2020-08-12T12:51:27.107";-14.05334;-15.68604;21.4386;0.60815;-0.42847;0.67102;94995
"2020-08-12T12:51:27.115";-11.6272;-18.6615;24.01733;0.56494;-0.40442;0.64233;95003
"2020-08-12T12:51:27.125";-10.31494;-28.24402;22.78137;0.54578;-0.3501;0.61047;95012
"2020-08-12T12:51:27.170";-10.26917;-47.76001;8.255;0.68933;-0.37732;0.63416;95041
"2020-08-12T12:51:27.190";-11.26099;-47.33276;11.15417;0.64331;-0.36743;0.61682;95032
"2020-08-12T12:51:27.244";-8.78906;-42.63306;8.83484;0.71912;-0.41565;0.65662;95050
"2020-08-12T12:51:27.245";-1.72424;-29.44946;28.19824;0.70703;-0.44067;0.63232;95080
"2020-08-12T12:51:27.246";5.32532;-32.9895;26.84021;0.91248;-0.60059;0.71899;95110
"2020-08-12T12:51:27.247";33.90503;-18.56995;27.08435;0.92688;-0.59839;0.69446;95119
"2020-08-12T12:51:27.275";56.90002;12.10022;10.11658;0.8501;-0.55042;0.68201;95157
"2020-08-12T12:51:27.282";51.9104;8.46863;15.15198;0.84326;-0.54919;0.72156;95139
"2020-08-12T12:51:27.283";56.90002;12.10022;10.11658;0.83081;-0.54309;0.69653;95148
"2020-08-12T12:51:27.288";61.70654;8.23975;8.94165;0.8501;-0.55042;0.68201;95166
"2020-08-12T12:51:27.314";70.43457;-4.66919;5.98145;1.01172;-0.57166;0.74731;95178
"2020-08-12T12:51:27.315";70.43457;-4.66919;5.98145;1.01172;-0.57166;0.74731;95187
"2020-08-12T12:51:27.329";75.07324;8.80432;-0.99182;1.09521;-0.55847;0.86475;95204
"2020-08-12T12:51:27.330";73.8678;21.1792;-7.91931;1.08496;-0.55066;0.90063;95216
"2020-08-12T12:51:27.337";71.24329;31.93665;-10.31494;1.08606;-0.55261;0.91895;95225
"2020-08-12T12:51:27.345";68.3136;37.67395;-4.62341;1.08765;-0.56677;0.92041;95234
"2020-08-12T12:51:27.354";65.979;36.37695;7.09534;1.08655;-0.56824;0.91565;95242
"2020-08-12T12:51:27.366";63.5376;30.85327;18.99719;1.09424;-0.54199;0.9187;95255
"2020-08-12T12:51:27.376";59.64661;26.85547;26.2146;1.11475;-0.5072;0.95227;95264
"2020-08-12T12:51:27.384";53.54309;28.32031;26.85547;1.12683;-0.47815;1.00708;95272
"2020-08-12T12:51:27.392";44.81506;34.34753;21.25549;1.10046;-0.47107;1.0636;95281
"2020-08-12T12:51:27.405";34.50012;39.67285;11.71875;1.07874;-0.52173;1.11426;95293
"2020-08-12T12:51:27.413";25.34485;41.16821;3.78418;1.07178;-0.58618;1.1449;95302
"2020-08-12T12:51:27.422";18.31055;38.13171;0.15259;1.05835;-0.64453;1.15283;95311
"2020-08-12T12:51:27.434";13.53455;31.32629;0.27466;1.06396;-0.67883;1.15845;95319
"2020-08-12T12:51:27.443";9.70459;24.64294;1.92261;1.07056;-0.70862;1.177;95331
"2020-08-12T12:51:27.451";6.24084;20.95032;3.8147;1.06433;-0.75586;1.20056;95340
"2020-08-12T12:51:27.461";6.24084;20.95032;3.8147;1.05286;-0.78345;1.21057;95349
"2020-08-12T12:51:27.469";3.37219;21.33179;6.63757;1.05286;-0.78345;1.21057;95358
"2020-08-12T12:51:27.482";-0.80872;24.52087;16.34216;0.97742;-0.78491;1.16638;95370
"2020-08-12T12:51:27.490";-0.80872;24.52087;16.34216;0.95215;-0.76013;1.14514;95379
"2020-08-12T12:51:27.499";-1.89209;22.2168;21.86584;0.95215;-0.76013;1.14514;95387
"2020-08-12T12:51:27.507";-3.0365;19.54651;26.22986;0.94287;-0.72559;1.13599;95396
"2020-08-12T12:51:27.520";-5.5542;18.52417;27.54211;0.92847;-0.67432;1.14282;95408
"2020-08-12T12:51:27.528";-11.30676;19.37866;24.9939;0.9032;-0.61853;1.16016;95417
"2020-08-12T12:51:27.537";-20.84351;20.62988;20.46204;0.87683;-0.5835;1.17029;95426
"2020-08-12T12:51:27.546";-32.51648;20.03479;18.09692;0.86365;-0.57739;1.16162;95434
"2020-08-12T12:51:27.558";-43.76221;15.97595;20.24841;0.8479;-0.58911;1.13196;95447
"2020-08-12T12:51:27.568";-52.74963;9.3689;24.88708;0.84424;-0.60132;1.09875;95455
"2020-08-12T12:51:27.576";-58.74634;2.24304;27.48108;0.85327;-0.60461;1.07312;95464
"2020-08-12T12:51:27.584";-61.88965;-3.90625;24.03259;0.85657;-0.59302;1.04956;95473
"2020-08-12T12:51:27.597";-63.24768;-7.62939;13.30566;0.86292;-0.57727;1.02441;95485
"2020-08-12T12:51:27.606";-62.98828;-7.65991;-1.58691;0.86707;-0.57056;1.00024;95494
"2020-08-12T12:51:27.615";-61.41663;-4.57764;-16.61682;0.84351;-0.56128;0.97217;95503
"2020-08-12T12:51:27.623";-58.67004;-0.7019;-28.30505;0.81042;-0.56714;0.93884;95511
"2020-08-12T12:51:27.635";-54.48914;2.42615;-33.78296;0.77539;-0.58447;0.90125;95523
"2020-08-12T12:51:27.644";-48.11096;3.86047;-32.2113;0.75269;-0.58875;0.87488;95532
"2020-08-12T12:51:27.652";-40.55786;3.86047;-25.4364;0.73352;-0.56702;0.84851;95541
"2020-08-12T12:51:27.661";-40.55786;3.86047;-25.4364;0.73352;-0.56702;0.84851;95550
"2020-08-12T12:51:27.682";-27.14539;1.49536;-10.87952;0.69324;-0.48169;0.79834;95570
"2020-08-12T12:51:27.691";-22.35413;2.04468;-4.31824;0.69324;-0.48169;0.79834;95579
"2020-08-12T12:51:27.699";-17.94434;4.16565;4.5166;0.68518;-0.48792;0.78552;95588
"2020-08-12T12:51:27.712";-12.22229;5.78308;16.60156;0.66333;-0.50391;0.76282;95600
"2020-08-12T12:51:27.720";-4.04358;4.80652;29.73938;0.63342;-0.50684;0.73853;95609
"2020-08-12T12:51:27.729";5.66101;0.76294;40.37476;0.6156;-0.49121;0.7218;95617
"2020-08-12T12:51:27.737";15.60974;-4.73022;46.37146;0.60217;-0.46692;0.70642;95626
"2020-08-12T12:51:27.750";24.71924;-9.85718;46.20361;0.59912;-0.44617;0.69739;95638
"2020-08-12T12:51:27.758";32.51648;-13.06152;41.15295;0.6012;-0.43689;0.69202;95647
"2020-08-12T12:51:27.768";39.62708;-14.34326;33.03528;0.59131;-0.43274;0.67737;95655
"2020-08-12T12:51:27.776";46.15784;-15.71655;22.97974;0.58032;-0.43726;0.66052;95665
"2020-08-12T12:51:27.789";53.05481;-18.38684;11.56616;0.56323;-0.42505;0.64038;95677
"2020-08-12T12:51:27.797";59.7229;-22.38464;-0.74768;0.55273;-0.40137;0.61511;95686
"2020-08-12T12:51:27.807";64.55994;-26.474;-13.96179;0.54993;-0.36853;0.59009;95694
"2020-08-12T12:51:27.815";66.87927;-29.34265;-28.35083;0.54663;-0.33801;0.57239;95703
"2020-08-12T12:51:27.826";66.61987;-29.93774;-43.22815;0.54138;-0.30579;0.56604;95715
"2020-08-12T12:51:27.836";63.65967;-27.9541;-57.29675;0.53479;-0.2865;0.55896;95724
"2020-08-12T12:51:27.846";59.41772;-24.36829;-68.46619;0.52856;-0.28918;0.54382;95733
"2020-08-12T12:51:27.853";59.41772;-24.36829;-68.46619;0.52722;-0.29419;0.51782;95741
"2020-08-12T12:51:27.866";52.1698;-16.1438;-73.95935;0.5166;-0.28198;0.48352;95754
"2020-08-12T12:51:27.874";52.1698;-16.1438;-73.95935;0.5011;-0.24622;0.45447;95762
"2020-08-12T12:51:27.883";49.05701;-13.59558;-71.38062;0.49072;-0.19214;0.43677;95771
"2020-08-12T12:51:27.892";44.73877;-11.71875;-69.19861;0.49072;-0.19214;0.43677;95780
"2020-08-12T12:51:27.904";38.07068;-9.58252;-68.69507;0.4884;-0.1377;0.43518;95792
"2020-08-12T12:51:27.913";29.22058;-6.2561;-68.66455;0.4884;-0.1377;0.43518;95801
"2020-08-12T12:51:27.922";19.97375;-1.11389;-65.68909;0.50146;-0.17053;0.44067;95810
"2020-08-12T12:51:27.930";12.34436;5.47791;-58.19702;0.48792;-0.17798;0.42712;95818
"2020-08-12T12:51:27.942";6.11877;11.0321;-49.16382;0.45398;-0.17676;0.4126;95830
"2020-08-12T12:51:27.951";0.94604;13.68713;-41.38184;0.42249;-0.17163;0.39771;95839
"2020-08-12T12:51:27.960";-3.40271;13.06152;-36.8042;0.39404;-0.14709;0.38489;95848
"2020-08-12T12:51:27.968";-7.46155;9.06372;-37.29248;0.37097;-0.1167;0.37012;95856
"2020-08-12T12:51:27.980";-11.8866;3.17383;-42.96875;0.35449;-0.08337;0.35474;95869
"2020-08-12T12:51:27.990";-17.04407;-2.83813;-52.47498;0.34045;-0.05042;0.3291;95877
"2020-08-12T12:51:27.999";-22.995;-8.36182;-63.90381;0.32312;-0.02539;0.30737;95886
"2020-08-12T12:51:28.009";-29.32739;-12.93945;-75.42419;0.30798;-0.00378;0.28577;95895
"2020-08-12T12:51:28.030";-35.96497;-16.0675;-84.88464;0.30762;0.00793;0.27197;95907
"2020-08-12T12:51:28.033";-42.31262;-16.93726;-90.42358;0.30444;0.01038;0.25989;95916
"2020-08-12T12:51:28.040";-47.89734;-16.41846;-91.99524;0.29138;0.0144;0.25049;95924
"2020-08-12T12:51:28.044";-47.89734;-16.41846;-91.99524;0.27856;0.0127;0.23706;95933
"2020-08-12T12:51:28.057";-57.02209;-14.46533;-86.99036;0.27698;0.00781;0.23303;95945
"2020-08-12T12:51:28.066";-60.7605;-12.69531;-81.90918;0.28394;0.00366;0.23291;95954
"2020-08-12T12:51:28.075";-60.7605;-12.69531;-81.90918;0.28394;0.00366;0.23291;95963
"2020-08-12T12:51:28.084";-63.91907;-9.24683;-75.48523;0.29614;0.00012;0.23889;95972
"2020-08-12T12:51:28.096";-66.98608;-4.34875;-68.28308;0.31042;-0.01453;0.25562;95984
"2020-08-12T12:51:28.104";-69.5343;1.17493;-60.33325;0.31042;-0.01453;0.25562;95993
"2020-08-12T12:51:28.132";-71.6095;14.64844;-38.52844;0.33264;-0.04773;0.28699;96010
"2020-08-12T12:51:28.156";-71.21277;7.75146;-50.50659;0.32397;-0.03064;0.2749;96001
"2020-08-12T12:51:28.175";-67.93213;26.84021;-8.74329;0.37561;-0.10132;0.32043;96031
"2020-08-12T12:51:28.176";-50.52185;46.31042;42.26685;0.43542;-0.17542;0.40295;96060
"2020-08-12T12:51:28.189";-57.49512;40.55786;26.48926;0.43176;-0.15344;0.37292;96048
"2020-08-12T12:51:28.190";-42.6178;48.96545;54.61121;0.43152;-0.21021;0.43994;96069
"2020-08-12T12:51:28.207";-24.50562;40.95459;69.73267;0.42297;-0.2334;0.49597;96087
"2020-08-12T12:51:28.210";-33.55408;47.05811;63.73596;0.42078;-0.2334;0.46716;96078
"2020-08-12T12:51:28.226";-11.91711;23.28491;69.68689;0.42102;-0.15564;0.53418;96108
"2020-08-12T12:51:28.231";-16.73889;32.60803;72.25037;0.42871;-0.20654;0.51758;96099
"2020-08-12T12:51:28.248";-12.89368;3.8147;48.37036;0.4397;-0.16882;0.57532;96125
"2020-08-12T12:51:28.262";-13.13782;13.1073;60.86731;0.46521;-0.23364;0.59253;96117
"2020-08-12T12:51:28.267";-11.04736;-8.37708;27.55737;0.46399;-0.22729;0.58484;96155
"2020-08-12T12:51:28.275";-9.47571;-13.73291;18.34106;0.46399;-0.22729;0.58484;96163
"2020-08-12T12:51:28.288";-13.8855;-21.45386;-4.18091;0.47534;-0.15955;0.58411;96176
"2020-08-12T12:51:28.304";-13.8855;-21.45386;-4.18091;0.50452;-0.19092;0.6106;96185
"2020-08-12T12:51:28.308";-19.85168;-22.2168;-16.57104;0.50452;-0.19092;0.6106;96193
"2020-08-12T12:51:28.324";-24.76501;-21.42334;-25.81787;0.51685;-0.22925;0.62292;96202
"2020-08-12T12:51:28.331";-28.39661;-21.49963;-32.01294;0.52942;-0.23987;0.63464;96214
"2020-08-12T12:51:28.334";-31.70776;-22.76611;-34.53064;0.56116;-0.26025;0.64319;96223
"2020-08-12T12:51:28.343";-34.17969;-24.33777;-32.08923;0.58289;-0.25977;0.63672;96232
"2020-08-12T12:51:28.351";-36.88049;-26.24512;-26.94702;0.59924;-0.24536;0.63074;96240
"2020-08-12T12:51:28.364";-40.17639;-26.68762;-19.42444;0.63708;-0.27002;0.64368;96252
"2020-08-12T12:51:28.373";-42.43469;-23.65112;-8.13293;0.67139;-0.29187;0.66907;96261
"2020-08-12T12:51:28.382";-43.88428;-18.21899;5.09644;0.66797;-0.34058;0.69092;96270
"2020-08-12T12:51:28.390";-42.73987;-14.45007;19.05823;0.64148;-0.41565;0.69556;96279
"2020-08-12T12:51:28.411";-32.18079;-20.08057;40.6189;0.64062;-0.39929;0.69299;96299
"2020-08-12T12:51:28.421";-27.28271;-26.84021;43.18237;0.69226;-0.37366;0.6864;96308
"2020-08-12T12:51:28.428";-27.28271;-26.84021;43.18237;0.76013;-0.35034;0.7002;96317
"2020-08-12T12:51:28.440";-19.6228;-29.32739;35.03418;0.81873;-0.41931;0.72412;96329
"2020-08-12T12:51:28.449";-12.52747;-22.87292;29.32739;0.82764;-0.50171;0.74243;96338
"2020-08-12T12:51:28.458";-12.52747;-22.87292;29.32739;0.80054;-0.53381;0.76831;96346
"2020-08-12T12:51:28.466";-1.87683;-16.51001;20.87402;0.80054;-0.53381;0.76831;96355
"2020-08-12T12:51:28.478";20.52307;-15.74707;-6.88171;0.78101;-0.52417;0.77844;96367
"2020-08-12T12:51:28.488";20.52307;-15.74707;-6.88171;0.78101;-0.52417;0.77844;96376
"2020-08-12T12:51:28.497";30.18188;-20.88928;-19.21082;0.8125;-0.505;0.75098;96385
"2020-08-12T12:51:28.506";39.09302;-27.19116;-28.38135;0.84387;-0.49512;0.7229;96394
"2020-08-12T12:51:28.517";48.20251;-30.88379;-34.31702;0.91187;-0.48743;0.71997;96406
"2020-08-12T12:51:28.526";56.73218;-27.86255;-35.46143;0.96936;-0.51282;0.72778;96415
"2020-08-12T12:51:28.536";65.39917;-18.08167;-32.25708;0.98889;-0.526;0.75378;96423
"2020-08-12T12:51:28.543";72.92175;-5.27954;-27.05383;0.97339;-0.52417;0.77869;96432
"2020-08-12T12:51:28.556";78.5675;5.98145;-21.39282;0.9646;-0.51355;0.80298;96444
"2020-08-12T12:51:28.564";82.03125;13.82446;-14.37378;0.97339;-0.49268;0.80872;96453
"2020-08-12T12:51:28.573";83.57239;17.42554;-5.27954;0.98792;-0.47974;0.79456;96461
"2020-08-12T12:51:28.582";84.30481;17.74597;4.85229;1.01123;-0.45813;0.79675;96470
"2020-08-12T12:51:28.594";84.03015;17.1051;12.77161;1.03418;-0.41382;0.81775;96483
"2020-08-12T12:51:28.603";80.59692;17.91382;15.64026;1.04578;-0.35864;0.85352;96492
"2020-08-12T12:51:28.613";73.39478;20.47729;13.41248;1.04089;-0.30652;0.89709;96501
"2020-08-12T12:51:28.621";62.88147;22.93396;8.42285;1.03381;-0.2832;0.94153;96509
"2020-08-12T12:51:28.633";51.11694;23.62061;5.75256;1.05176;-0.31812;0.98328;96521
"2020-08-12T12:51:28.642";41.00037;21.82007;10.52856;1.09644;-0.3866;1.01965;96530
"2020-08-12T12:51:28.651";34.05762;18.37158;20.75195;1.1521;-0.44519;1.04285;96539
"2020-08-12T12:51:28.659";34.05762;18.37158;20.75195;1.21497;-0.46021;1.06421;96548
"2020-08-12T12:51:28.672";27.20642;17.71545;32.48596;1.2644;-0.44421;1.09949;96560
"2020-08-12T12:51:28.679";27.20642;17.71545;32.48596;1.26746;-0.44348;1.12854;96568
"2020-08-12T12:51:28.690";22.49146;25.80261;29.83093;1.26746;-0.44348;1.12854;96577
"2020-08-12T12:51:28.698";16.11328;36.77368;25.13123;1.22888;-0.46838;1.14404;96586
"2020-08-12T12:51:28.711";9.56726;46.41724;23.68164;1.12891;-0.5304;1.14404;96599
"2020-08-12T12:51:28.719";3.54004;51.81885;28.76282;1.12891;-0.5304;1.14404;96607
"2020-08-12T12:51:28.728";-0.80872;51.57471;39.21509;1.09985;-0.56128;1.13696;96616
"2020-08-12T12:51:28.736";-3.57056;46.79871;50.27771;1.08069;-0.58276;1.14014;96625
"2020-08-12T12:51:28.749";-5.02014;39.03198;56.19812;1.05432;-0.62317;1.14929;96637
"2020-08-12T12:51:28.757";-4.36401;31.58569;55.16052;1.02441;-0.68311;1.17249;96646
"2020-08-12T12:51:28.766";-1.84631;27.13013;48.172;0.97144;-0.73767;1.1958;96654
"2020-08-12T12:51:28.775";1.92261;23.94104;36.27014;0.90552;-0.75195;1.20508;96663
"2020-08-12T12:51:28.787";4.89807;19.51599;21.11816;0.83252;-0.73303;1.19019;96675
"2020-08-12T12:51:28.796";6.08826;10.69641;6.54602;0.78577;-0.70862;1.1582;96684
"2020-08-12T12:51:28.805";5.49316;-2.96021;-3.78418;0.77295;-0.66516;1.12268;96693
"2020-08-12T12:51:28.813";2.34985;-19.6228;-9.87244;0.77344;-0.61279;1.09131;96702
"2020-08-12T12:51:28.826";-3.78418;-35.8429;-13.07678;0.78198;-0.55518;1.06824;96714
"2020-08-12T12:51:28.834";-12.78687;-47.8363;-15.24353;0.78735;-0.48975;1.04175;96723
"2020-08-12T12:51:28.843";-24.44458;-54.77905;-17.16614;0.79114;-0.43372;1.00305;96731
"2020-08-12T12:51:28.852";-37.38403;-57.25098;-16.57104;0.81079;-0.40784;0.96252;96740
"2020-08-12T12:51:28.864";-49.40796;-55.08423;-10.13184;0.83386;-0.40063;0.91406;96752
"2020-08-12T12:51:28.872";-59.15833;-49.17908;2.5177;0.85852;-0.39441;0.85876;96761
"2020-08-12T12:51:28.881";-59.15833;-49.17908;2.5177;0.8855;-0.37427;0.81067;96769
"2020-08-12T12:51:28.889";-66.02478;-40.5426;19.54651;0.8855;-0.37427;0.81067;96778
"2020-08-12T12:51:28.903";-74.63074;-15.64026;56.67114;0.91602;-0.32996;0.75671;96791
"2020-08-12T12:51:28.911";-74.63074;-15.64026;56.67114;0.92517;-0.32764;0.75122;96800
"2020-08-12T12:51:28.920";-76.67542;-1.37329;74.29504;0.92517;-0.32764;0.75122;96809
"2020-08-12T12:51:28.929";-76.43127;11.27625;89.82849;0.92041;-0.34045;0.75403;96817
"2020-08-12T12:51:28.941";-73.21167;18.96667;99.5636;0.89563;-0.36938;0.75244;96829
"2020-08-12T12:51:28.951";-66.0553;21.16394;100.47913;0.87524;-0.39783;0.75061;96838
"2020-08-12T12:51:28.958";-55.77087;20.69092;92.453;0.86499;-0.41748;0.75574;96847
"2020-08-12T12:51:28.967";-43.59436;21.1792;76.91956;0.84546;-0.43311;0.75745;96855
"2020-08-12T12:51:28.988";-16.96777;24.56665;29.70886;0.78003;-0.46228;0.74976;96875
"2020-08-12T12:51:29.000";-3.79944;25.54321;1.9989;0.74414;-0.50391;0.75403;96884
"2020-08-12T12:51:29.005";9.58252;24.96338;-24.79553;0.70654;-0.54736;0.75012;96893
"2020-08-12T12:51:29.023";22.82715;22.68982;-48.6145;0.67261;-0.56604;0.74109;96906
"2020-08-12T12:51:29.028";35.01892;20.03479;-67.91687;0.65771;-0.56787;0.73999;96915
"2020-08-12T12:51:29.040";44.81506;18.18848;-80.18494;0.64307;-0.55054;0.7373;96923
"2020-08-12T12:51:29.044";51.86462;16.43372;-84.09119;0.62927;-0.53076;0.72815;96932
"2020-08-12T12:51:29.056";56.51855;13.76343;-79.57458;0.61816;-0.50903;0.71838;96944
"2020-08-12T12:51:29.064";59.23462;9.6283;-67.39807;0.60388;-0.48181;0.703;96953
"2020-08-12T12:51:29.073";59.23462;9.6283;-67.39807;0.58972;-0.45178;0.67871;96961
"2020-08-12T12:51:29.081";60.28748;4.27246;-49.25537;0.58972;-0.45178;0.67871;96970
"2020-08-12T12:51:29.094";59.41772;-3.66211;-3.78418;0.60364;-0.4104;0.65442;96982
"2020-08-12T12:51:29.112";59.41772;-3.66211;-3.78418;0.61304;-0.37769;0.64661;96991
"2020-08-12T12:51:29.113";58.28857;-2.41089;17.48657;0.61304;-0.37769;0.64661;97000
"2020-08-12T12:51:29.120";56.01501;1.66321;33.2489;0.60352;-0.33386;0.63293;97009
"2020-08-12T12:51:29.132";52.47498;6.21033;40.8783;0.58679;-0.29285;0.62036;97021
"2020-08-12T12:51:29.142";47.92786;9.12476;40.45105;0.56592;-0.26782;0.6062;97030
"2020-08-12T12:51:29.156";43.64014;9.67407;33.81348;0.53882;-0.26697;0.58728;97038
"2020-08-12T12:51:29.162";40.48157;7.61414;23.04077;0.50684;-0.26794;0.56616;97047
"2020-08-12T12:51:29.177";38.77258;3.76892;8.74329;0.49365;-0.2749;0.5658;97059
"2020-08-12T12:51:29.185";37.7655;0.61035;-7.61414;0.47668;-0.27075;0.56396;97068
"2020-08-12T12:51:29.197";34.60693;-7.0343;-44.81506;0.42187;-0.24182;0.5083;97085
"2020-08-12T12:51:29.215";36.30066;-2.36511;-25.57373;0.44385;-0.25366;0.53943;97077
"2020-08-12T12:51:29.224";31.41785;-17.47131;-79.71191;0.40723;-0.19373;0.43665;97107
"2020-08-12T12:51:29.238";33.12683;-12.66479;-63.30872;0.41211;-0.2179;0.46875;97098
"2020-08-12T12:51:29.239";28.96118;-20.29419;-92.91077;0.42139;-0.17676;0.41748;97116
"2020-08-12T12:51:29.260";16.0675;-12.08496;-113.31177;0.35046;-0.10217;0.34192;97146
"2020-08-12T12:51:29.279";21.39282;-11.90186;-117.79785;0.24609;-0.12708;0.38208;97163
"2020-08-12T12:51:29.282";10.13184;-11.90186;-117.79785;0.29272;-0.07117;0.30164;97154
"2020-08-12T12:51:29.300";-13.56506;-23.51379;-107.52869;0.24109;0.00427;0.24646;97184
"2020-08-12T12:51:29.301";-4.42505;-19.6991;-117.26379;0.23254;-0.00977;0.25134;97175
"2020-08-12T12:51:29.321";-23.31543;-24.70398;-92.17834;0.25391;0.01477;0.24561;97202
"2020-08-12T12:51:29.328";-42.48047;-21.89636;-54.88586;0.25195;0.01746;0.22888;97214
"2020-08-12T12:51:29.330";-13.56506;-23.51379;-107.52869;0.25391;0.01477;0.24561;97192
"2020-08-12T12:51:29.343";-42.48047;-21.89636;-54.88586;0.24829;0.01306;0.22058;97223
"2020-08-12T12:51:29.355";-50.82703;-19.66858;-37.65869;0.24829;0.01306;0.22058;97232
"2020-08-12T12:51:29.360";-57.89185;-17.25769;-23.20862;0.24438;0.00732;0.21021;97240
"2020-08-12T12:51:29.367";-63.5376;-15.16724;-12.08496;0.24084;0.00195;0.20605;97252
"2020-08-12T12:51:29.373";-67.7948;-13.5498;-3.87573;0.24927;-0.00281;0.20789;97261
"2020-08-12T12:51:29.381";-70.99915;-11.61194;2.53296;0.25366;-0.0033;0.21448;97270
"2020-08-12T12:51:29.390";-73.50159;-9.12476;7.14111;0.2572;-0.0033;0.22949;97279
"2020-08-12T12:51:29.402";-75.69885;-5.69153;9.8114;0.27014;-0.00562;0.24756;97291
"2020-08-12T12:51:29.412";-77.39258;-1.31226;10.89478;0.28467;-0.0105;0.26038;97299
"2020-08-12T12:51:29.420";-78.43018;3.70789;10.54382;0.29724;-0.01831;0.27246;97309
"2020-08-12T12:51:29.429";-78.67432;8.81958;9.18579;0.3031;-0.03076;0.28296;97317
"2020-08-12T12:51:29.441";-77.80457;12.90894;7.24792;0.3186;-0.05139;0.29492;97330
"2020-08-12T12:51:29.450";-75.16479;15.71655;5.95093;0.34766;-0.07544;0.31335;97338
"2020-08-12T12:51:29.459";-71.0144;17.74597;5.9967;0.36768;-0.09705;0.33325;97347
"2020-08-12T12:51:29.467";-65.82642;18.82935;7.24792;0.38489;-0.11975;0.35156;97356
"2020-08-12T12:51:29.479";-59.9823;19.19556;9.49097;0.40637;-0.1355;0.38269;97368
"2020-08-12T12:51:29.488";-53.95508;19.9585;12.23755;0.4248;-0.14832;0.40503;97376
"2020-08-12T12:51:29.497";-47.69897;20.18738;14.90784;0.4292;-0.16016;0.42285;97385
"2020-08-12T12:51:29.505";-47.69897;20.18738;14.90784;0.4292;-0.16016;0.42285;97394
"2020-08-12T12:51:29.518";-34.36279;18.31055;20.43152;0.4585;-0.17688;0.47107;97406
"2020-08-12T12:51:29.527";-28.54919;15.99121;23.05603;0.45544;-0.19348;0.48181;97415
"2020-08-12T12:51:29.535";-28.54919;15.99121;23.05603;0.45544;-0.19348;0.48181;97424
"2020-08-12T12:51:29.544";-22.59827;12.4054;25.52795;0.48779;-0.23022;0.49768;97432
"2020-08-12T12:51:29.557";-16.75415;10.02502;28.27454;0.52917;-0.24646;0.54626;97445
"2020-08-12T12:51:29.565";-12.46643;9.1095;29.63257;0.52917;-0.24646;0.54626;97453
"2020-08-12T12:51:29.574";-9.8877;9.35364;29.03748;0.55298;-0.24561;0.59595;97462
"2020-08-12T12:51:29.582";-9.27734;10.91003;26.53503;0.56042;-0.24817;0.63354;97471
"2020-08-12T12:51:29.595";-9.58252;10.77271;21.698;0.55408;-0.29053;0.64697;97483
"2020-08-12T12:51:29.603";-8.31604;6.57654;16.5863;0.5647;-0.34326;0.6521;97492
"2020-08-12T12:51:29.638";-2.05994;-6.74438;10.28442;0.61768;-0.35229;0.66174;97510
"2020-08-12T12:51:29.642";-2.45667;-9.91821;5.24902;0.67383;-0.28687;0.73755;97530
"2020-08-12T12:51:29.650";-8.5907;-9.09424;-0.68665;0.651;-0.30103;0.76013;97539
"2020-08-12T12:51:29.659";-15.15198;-10.5896;-6.21033;0.64404;-0.33911;0.77466;97547
"2020-08-12T12:51:29.671";-20.41626;-15.24353;-8.60596;0.62244;-0.33716;0.76001;97559
"2020-08-12T12:51:29.679";-24.82605;-23.88;-9.75037;0.61621;-0.34534;0.72913;97568
"2020-08-12T12:51:29.688";-26.88599;-33.61511;-9.82666;0.65662;-0.34485;0.70801;97577
"2020-08-12T12:51:29.696";-26.88599;-33.61511;-9.82666;0.72888;-0.33362;0.71423;97585
"2020-08-12T12:51:29.709";-28.0304;-36.9873;-13.21411;0.82568;-0.38428;0.75061;97598
"2020-08-12T12:51:29.719";-28.0304;-36.9873;-13.21411;0.88721;-0.46399;0.7948;97606
"2020-08-12T12:51:29.727";-25.5127;-25.80261;-15.1825;0.88721;-0.46399;0.7948;97615
"2020-08-12T12:51:29.735";-18.69202;-11.53564;-16.12854;0.88513;-0.56653;0.81628;97624
"2020-08-12T12:51:29.748";-5.72205;-1.83105;-16.18958;0.86475;-0.70288;0.80286;97636
"2020-08-12T12:51:29.757";13.29041;0.86975;-14.67896;0.86475;-0.70288;0.80286;97645
"2020-08-12T12:51:29.765";35.00366;-1.5564;-12.72583;0.88403;-0.68103;0.78345;97654
"2020-08-12T12:51:29.774";55.9845;-5.2948;-13.16833;0.92285;-0.61829;0.78418;97662
"2020-08-12T12:51:29.786";73.04382;-6.30188;-18.47839;0.95703;-0.53552;0.80042;97674
"2020-08-12T12:51:29.794";84.198;-2.91443;-28.76282;0.97046;-0.47168;0.83411;97683
"2020-08-12T12:51:29.803";89.73694;3.26538;-40.05432;0.96826;-0.45349;0.86707;97692
"2020-08-12T12:51:29.812";91.72058;9.21631;-46.52405;0.96826;-0.43408;0.87549;97700
"2020-08-12T12:51:29.824";91.11023;12.0697;-45.18127;0.99255;-0.41382;0.86426;97713
"2020-08-12T12:51:29.833";88.33313;10.75745;-37.29248;1.02441;-0.38062;0.85266;97722
"2020-08-12T12:51:29.849";82.88574;6.31714;-27.03857;1.05859;-0.33911;0.85156;97730
"2020-08-12T12:51:29.851";74.00513;3.37219;-17.66968;1.10327;-0.28931;0.87158;97739
"2020-08-12T12:51:29.863";61.58447;6.43921;-11.61194;1.13379;-0.23962;0.90686;97751
"2020-08-12T12:51:29.872";45.578;14.69421;-10.45227;1.12109;-0.19202;0.93591;97760
"2020-08-12T12:51:29.880";26.474;23.97156;-13.53455;1.10193;-0.15894;0.96667;97769
"2020-08-12T12:51:29.888";26.474;23.97156;-13.53455;1.08862;-0.15527;0.98035;97777
"2020-08-12T12:51:29.901";-13.58032;31.41785;-24.36829;1.08325;-0.16846;0.97778;97790
"2020-08-12T12:51:29.910";-31.08215;25.98572;-30.31921;1.11853;-0.18372;0.98694;97798
"2020-08-12T12:51:29.919";-31.08215;25.98572;-30.31921;1.18347;-0.20532;1.01514;97807
"2020-08-12T12:51:29.927";-46.38672;20.17212;-35.49194;1.18347;-0.20532;1.01514;97816
"2020-08-12T12:51:29.939";-68.77136;20.20264;-43.16711;1.24524;-0.35291;1.07788;97828
"2020-08-12T12:51:29.949";-68.77136;20.20264;-43.16711;1.24524;-0.35291;1.07788;97837
"2020-08-12T12:51:29.959";-72.37244;24.6582;-41.61072;1.25049;-0.47009;1.10486;97846
"2020-08-12T12:51:29.967";-69.73267;29.08325;-34.48486;1.24243;-0.59094;1.11414;97854
"2020-08-12T12:51:29.978";-60.01282;31.05164;-21.9574;1.25061;-0.70215;1.10962;97866
"2020-08-12T12:51:29.987";-43.8385;31.47888;-4.82178;1.26306;-0.76196;1.09839;97875
"2020-08-12T12:51:29.998";-24.09363;32.01294;14.05334;1.24744;-0.78821;1.09241;97884
"2020-08-12T12:51:30.010";-3.34167;32.91321;32.07397;1.21643;-0.79321;1.09656;97892
"2020-08-12T12:51:30.056";41.73279;31.35681;78.24707;1.09753;-0.6947;1.15625;97923
"2020-08-12T12:51:30.063";15.94543;33.87451;48.24829;1.1709;-0.78162;1.10999;97905
"2020-08-12T12:51:30.064";46.52405;16.3269;108.01697;1.02966;-0.60767;1.15808;97944
"2020-08-12T12:51:30.077";43.12134;6.89697;116.59241;1.00977;-0.56384;1.17883;97952
"2020-08-12T12:51:30.086";35.75134;-0.41199;115.21912;0.97229;-0.49854;1.20911;97961
"2020-08-12T12:51:30.093";4.89807;-12.66479;81.29883;0.86267;-0.3927;1.2356;97982
"2020-08-12T12:51:30.112";-15.60974;-21.698;60.36377;0.83472;-0.37524;1.21216;97991
"2020-08-12T12:51:30.134";-68.3136;-49.54529;27.92358;0.86438;-0.40759;1.07483;98021
"2020-08-12T12:51:30.135";-36.13281;-32.44019;44.32678;0.8302;-0.38464;1.16907;98008
"2020-08-12T12:51:30.154";-78.84216;-52.29187;22.18628;0.88342;-0.42615;1.02625;98038
"2020-08-12T12:51:30.158";-85.76965;-50.75073;15.42664;0.88342;-0.43982;0.98254;98047
"2020-08-12T12:51:30.175";-89.32495;-46.78345;6.68335;0.87268;-0.4939;0.90039;98059
"2020-08-12T12:51:30.199";-72.60132;-31.75354;-5.21851;0.85168;-0.56848;0.81958;98085
"2020-08-12T12:51:30.215";-88.57727;-27.22168;0.47302;0.85278;-0.4939;0.90039;98098
"2020-08-12T12:51:30.216";-83.28247;-36.65161;-6.22559;0.85632;-0.53271;0.85937;98077
"2020-08-12T12:51:30.243";-5.76782;-10.66589;23.83423;0.79846;-0.44458;0.70215;98125
"2020-08-12T12:51:30.249";-39.55078;-22.46094;16.28113;0.82886;-0.49402;0.73328;98115
"2020-08-12T12:51:30.267";36.01074;14.98413;60.15015;0.7146;-0.44031;0.62915;98154
"2020-08-12T12:51:30.268";21.60645;6.05774;31.84509;0.77234;-0.43054;0.66895;98137
"2020-08-12T12:51:30.276";51.86462;20.79773;78.68958;0.68835;-0.46802;0.6344;98163
"2020-08-12T12:51:30.297";88.80615;20.98083;109.26819;0.60327;-0.46252;0.62927;98183
"2020-08-12T12:51:30.304";105.20935;14.23645;111.67908;0.54724;-0.40613;0.6073;98192
"2020-08-12T12:51:30.317";105.20935;14.23645;111.67908;0.50928;-0.35034;0.57849;98200
"2020-08-12T12:51:30.328";124.63379;-4.98962;88.31787;0.46741;-0.29272;0.53943;98212
"2020-08-12T12:51:30.338";127.45667;-14.93835;68.45093;0.42273;-0.24304;0.50476;98221
"2020-08-12T12:51:30.353";127.45667;-14.93835;68.45093;0.40442;-0.20312;0.49292;98230
"2020-08-12T12:51:30.357";126.26648;-24.12415;46.95129;0.40442;-0.20312;0.49292;98239
"2020-08-12T12:51:30.363";121.7041;-30.89905;26.82495;0.35693;-0.16162;0.46863;98251
"2020-08-12T12:51:30.372";114.36462;-35.81238;8.22449;0.35693;-0.16162;0.46863;98260
"2020-08-12T12:51:30.381";105.07202;-39.64233;-8.11768;0.33972;-0.1488;0.43628;98269
"2020-08-12T12:51:30.389";94.11621;-42.38892;-19.68384;0.33447;-0.1416;0.39746;98277
"2020-08-12T12:51:30.402";81.84814;-43.56384;-24.27673;0.33691;-0.13306;0.37073;98289
"2020-08-12T12:51:30.410";68.67981;-42.41943;-22.79663;0.35388;-0.13098;0.3562;98298
"2020-08-12T12:51:30.419";55.19104;-38.49792;-17.13562;0.36194;-0.12366;0.35535;98307
"2020-08-12T12:51:30.427";41.91589;-32.69958;-10.0708;0.37231;-0.14697;0.35901;98316
"2020-08-12T12:51:30.448";22.06421;-21.72852;-3.00598;0.34363;-0.1488;0.31726;98336
"2020-08-12T12:51:30.457";15.31982;-21.04187;-5.85937;0.31775;-0.14001;0.28394;98345
"2020-08-12T12:51:30.464";10.0708;-22.53723;-11.91711;0.31042;-0.13074;0.26624;98353
"2020-08-12T12:51:30.478";5.40161;-23.26965;-18.55469;0.31445;-0.11096;0.25916;98366
"2020-08-12T12:51:30.486";0.10681;-21.78955;-25.08545;0.31946;-0.08545;0.25439;98374
"2020-08-12T12:51:30.495";-6.46973;-18.29529;-32.04346;0.30896;-0.06567;0.24084;98383
"2020-08-12T12:51:30.503";-6.46973;-18.29529;-32.04346;0.29358;-0.0636;0.23401;98392
"2020-08-12T12:51:30.516";-20.2179;-9.44519;-48.64502;0.28125;-0.07617;0.22595;98404
"2020-08-12T12:51:30.525";-25.52795;-4.76074;-55.9082;0.26526;-0.08801;0.21484;98413
"2020-08-12T12:51:30.534";-25.52795;-4.76074;-55.9082;0.26526;-0.08801;0.21484;98421
"2020-08-12T12:51:30.542";-29.31213;-0.21362;-61.30981;0.26624;-0.10303;0.21362;98430
"2020-08-12T12:51:30.554";-31.58569;4.68445;-63.9801;0.30652;-0.1123;0.23303;98443
"2020-08-12T12:51:30.563";-33.18787;10.89478;-63.797;0.30652;-0.1123;0.23303;98451
"2020-08-12T12:51:30.572";-34.51538;17.39502;-62.10327;0.30798;-0.10913;0.23547;98460
"2020-08-12T12:51:30.580";-36.04126;22.96448;-60.80627;0.30383;-0.09534;0.24109;98469
"2020-08-12T12:51:30.593";-38.22327;27.54211;-60.2417;0.29712;-0.08203;0.25183;98481
"2020-08-12T12:51:30.601";-41.07666;31.14319;-60.10437;0.29248;-0.08765;0.26074;98490
"2020-08-12T12:51:30.610";-43.8385;33.99658;-59.17358;0.30469;-0.10999;0.27551;98498
"2020-08-12T12:51:30.618";-46.06628;36.13281;-56.44226;0.31763;-0.12402;0.2887;98507
"2020-08-12T12:51:30.639";-51.26953;35.64453;-47.80579;0.32861;-0.10852;0.32214;98527
"2020-08-12T12:51:30.648";-55.78613;33.27942;-44.78455;0.3313;-0.09387;0.34644;98536
"2020-08-12T12:51:30.657";-61.90491;30.38025;-43.12134;0.34448;-0.08374;0.37598;98545
"2020-08-12T12:51:30.679";-75.83618;24.23096;-43.28918;0.35547;-0.09387;0.40332;98565
"2020-08-12T12:51:30.687";-81.58875;19.05823;-42.83142;0.36255;-0.12292;0.40991;98574
"2020-08-12T12:51:30.694";-81.58875;19.05823;-42.83142;0.36255;-0.12292;0.40991;98583
"2020-08-12T12:51:30.707";-90.49988;-0.13733;-32.10449;0.38525;-0.12073;0.43494;98595
"2020-08-12T12:51:30.716";-90.49988;-0.13733;-32.10449;0.39307;-0.09729;0.45679;98604
"2020-08-12T12:51:30.724";-96.0083;-10.37598;-23.84949;0.39307;-0.09729;0.45679;98612
"2020-08-12T12:51:30.732";-103.31726;-18.35632;-16.76941;0.39722;-0.0592;0.48096;98621
"2020-08-12T12:51:30.745";-112.77771;-24.03259;-12.54272;0.39795;-0.06702;0.49316;98633
"2020-08-12T12:51:30.753";-120.57495;-28.27454;-8.8501;0.43225;-0.15283;0.50293;98642
"2020-08-12T12:51:30.764";-123.10791;-29.64783;-1.57166;0.48743;-0.22595;0.51123;98651
"2020-08-12T12:51:30.771";-120.9259;-27.98462;8.88062;0.52039;-0.26587;0.51648;98660
"2020-08-12T12:51:30.783";-115.90576;-24.33777;19.40918;0.55652;-0.28821;0.5354;98672
"2020-08-12T12:51:30.795";-109.14612;-18.11218;27.86255;0.57141;-0.27612;0.55969;98681
"2020-08-12T12:51:30.807";-102.63062;-10.78796;31.70776;0.56323;-0.29675;0.59143;98689
"2020-08-12T12:51:30.817";-94.58923;-5.26428;33.30994;0.58691;-0.37195;0.62012;98698
"2020-08-12T12:51:30.828";-82.4585;-2.0752;37.62817;0.60815;-0.44934;0.64185;98710
"2020-08-12T12:51:30.836";-66.07056;-2.96021;45.28809;0.61292;-0.49182;0.64514;98719
"2020-08-12T12:51:30.841";-47.28699;-8.43811;54.04663;0.6322;-0.48584;0.64795;98727
"2020-08-12T12:51:30.848";-29.1748;-14.96887;60.80627;0.66797;-0.45752;0.65674;98737
"2020-08-12T12:51:30.861";-13.13782;-18.64624;64.10217;0.71655;-0.48181;0.67126;98749
"2020-08-12T12:51:30.869";2.5177;-17.51709;66.65039;0.7627;-0.526;0.69873;98758
"2020-08-12T12:51:30.878";18.50891;-11.84082;71.73157;0.78333;-0.57703;0.71936;98766
"2020-08-12T12:51:30.887";18.50891;-11.84082;71.73157;0.76465;-0.60645;0.71899;98775
"2020-08-12T12:51:30.899";52.39868;-1.15967;93.18542;0.74121;-0.59888;0.70703;98787
"2020-08-12T12:51:30.907";67.61169;-2.19727;105.94177;0.74146;-0.62329;0.70081;98796
"2020-08-12T12:51:30.916";67.61169;-2.19727;105.94177;0.73865;-0.65515;0.67786;98805
"2020-08-12T12:51:30.925";82.47375;-7.30896;116.89758;0.73865;-0.65515;0.67786;98814
"2020-08-12T12:51:30.938";97.03064;-15.25879;122.58911;0.81116;-0.74255;0.74365;98826
"2020-08-12T12:51:30.947";110.10742;-19.80591;123.01636;0.81116;-0.74255;0.74365;98834
"2020-08-12T12:51:30.955";122.08557;-16.93726;120.69702;0.82202;-0.76636;0.79529;98844
"2020-08-12T12:51:30.963";130.44739;-10.49805;112.03003;0.78748;-0.72131;0.82129;98852
"2020-08-12T12:51:30.976";132.59888;-6.2561;95.3064;0.75781;-0.65601;0.83508;98864
"2020-08-12T12:51:30.984";128.58582;-7.2937;74.40186;0.73816;-0.60742;0.83057;98873
"2020-08-12T12:51:30.994";120.4834;-13.74817;55.05371;0.73083;-0.62488;0.81946;98882
"2020-08-12T12:51:31.002";111.64856;-23.39172;41.85486;0.7511;-0.64172;0.80774;98890
"2020-08-12T12:51:31.016";102.15759;-31.63147;33.53882;0.79736;-0.62769;0.82385;98903
"2020-08-12T12:51:31.029";90.91187;-33.90503;27.5116;0.82703;-0.66333;0.86072;98911
"2020-08-12T12:51:31.031";79.55933;-30.44128;22.24731;0.8219;-0.67603;0.87866;98920
"2020-08-12T12:51:31.040";68.03894;-25.29907;15.04517;0.79102;-0.66406;0.86475;98929
"2020-08-12T12:51:31.072";57.15942;-21.65222;5.38635;0.79248;-0.66785;0.8385;98941
"2020-08-12T12:51:31.073";48.41614;-18.46313;-4.65393;0.83203;-0.66492;0.81458;98950
"2020-08-12T12:51:31.079";37.23145;-7.09534;-23.33069;0.92383;-0.70703;0.82739;98968
"2020-08-12T12:51:31.092";34.24072;3.0365;-33.82874;0.96033;-0.69861;0.85095;98980
"2020-08-12T12:51:31.100";30.50232;15.96069;-46.78345;0.96948;-0.66748;0.87378;98988
"2020-08-12T12:51:31.109";24.09363;29.09851;-61.93542;0.95886;-0.61633;0.89587;98997
"2020-08-12T12:51:31.117";24.09363;29.09851;-61.93542;0.95886;-0.61633;0.89587;99006
"2020-08-12T12:51:31.130";0.71716;45.56274;-87.61597;0.97107;-0.58667;0.94482;99018
"2020-08-12T12:51:31.143";0.71716;45.56274;-87.61597;0.97632;-0.63623;0.96826;99027
"2020-08-12T12:51:31.166";-22.50671;45.24231;-79.72717;0.98511;-0.69397;0.98596;99044
"2020-08-12T12:51:31.186";-12.00867;47.36328;-88.28735;0.97632;-0.63623;0.96826;99035
"2020-08-12T12:51:31.217";-30.39551;42.11426;-65.18555;0.99097;-0.72778;1.00745;99065
"2020-08-12T12:51:31.218";-31.58569;54.85535;-8.28552;0.84741;-0.79187;1.08813;99104
"2020-08-12T12:51:31.228";-38.16223;54.55017;-17.54761;0.87012;-0.7085;1.05652;99095
"2020-08-12T12:51:31.238";-10.29968;39.87122;13.50403;0.82654;-0.84167;1.15271;99121
"2020-08-12T12:51:31.253";-21.37756;49.98779;3.35693;0.84351;-0.8324;1.11926;99112
"2020-08-12T12:51:31.274";5.79834;12.0697;13.58032;0.79285;-0.80078;1.2135;99142
"2020-08-12T12:51:31.279";9.75037;-0.35095;4.02832;0.77002;-0.78162;1.19727;99151
"2020-08-12T12:51:31.298";14.43481;-16.22009;-19.54651;0.7677;-0.74768;1.13196;99172
"2020-08-12T12:51:31.308";14.89258;-21.22498;-35.55298;0.79492;-0.6665;1.08704;99190
"2020-08-12T12:51:31.313";14.89258;-21.22498;-35.55298;0.79163;-0.60791;1.07422;99198
"2020-08-12T12:51:31.322";1.93787;-21.3623;-42.70935;0.77441;-0.55481;1.06396;99210
"2020-08-12T12:51:31.331";-10.17761;-22.4762;-43.35022;0.76782;-0.51611;1.03674;99219
"2020-08-12T12:51:31.339";-10.17761;-22.4762;-43.35022;0.76782;-0.51611;1.03674;99228
"2020-08-12T12:51:31.348";-23.37646;-24.12415;-41.01563;0.77258;-0.50671;0.99573;99236
"2020-08-12T12:51:31.361";-34.94263;-26.03149;-36.48376;0.81665;-0.49841;0.93152;99249
"2020-08-12T12:51:31.369";-44.40308;-25.74158;-31.92139;0.81665;-0.49841;0.93152;99258
"2020-08-12T12:51:31.378";-51.40686;-21.78955;-28.85437;0.8324;-0.48633;0.90051;99266
"2020-08-12T12:51:31.387";-56.6864;-15.19775;-28.83911;0.83533;-0.47644;0.87158;99275
"2020-08-12T12:51:31.399";-60.45532;-6.69861;-30.83801;0.83789;-0.47876;0.85095;99287
"2020-08-12T12:51:31.408";-62.31689;3.50952;-32.86743;0.83765;-0.49268;0.83508;99296
"2020-08-12T12:51:31.416";-62.17957;13.87024;-33.73718;0.83069;-0.50623;0.83057;99305
"2020-08-12T12:51:31.425";-59.4635;21.48438;-34.40857;0.81995;-0.52222;0.82996;99313
"2020-08-12T12:51:31.437";-54.10767;23.9563;-37.36877;0.80371;-0.52844;0.82959;99326
"2020-08-12T12:51:31.446";-47.19543;21.72852;-45.10498;0.79028;-0.51526;0.82434;99334
"2020-08-12T12:51:31.455";-39.47449;17.1051;-59.29565;0.77271;-0.50208;0.81921;99343
"2020-08-12T12:51:31.464";-31.57043;12.75635;-78.72009;0.75977;-0.49231;0.81531;99352
"2020-08-12T12:51:31.485";-16.81519;11.41357;-118.02673;0.73389;-0.5072;0.79211;99372
"2020-08-12T12:51:31.493";-9.33838;13.93127;-131.50024;0.71179;-0.49719;0.77344;99381
"2020-08-12T12:51:31.501";-9.33838;13.93127;-131.50024;0.69312;-0.4751;0.74048;99390
"2020-08-12T12:51:31.522";4.02832;19.6991;-140.33508;0.6217;-0.37646;0.67749;99410
"2020-08-12T12:51:31.530";8.69751;20.23315;-137.00867;0.6217;-0.37646;0.67749;99419
"2020-08-12T12:51:31.539";11.01685;18.31055;-131.36292;0.58582;-0.31641;0.64673;99427
"2020-08-12T12:51:31.552";10.78796;14.9231;-124.75586;0.54602;-0.25452;0.60144;99440
"2020-08-12T12:51:31.560";8.78906;11.56616;-117.01965;0.54602;-0.25452;0.60144;99448
"2020-08-12T12:51:31.570";6.24084;9.76562;-108.39844;0.52905;-0.22583;0.57642;99457
"2020-08-12T12:51:31.578";2.88391;9.42993;-101.45569;0.51147;-0.19092;0.55164;99466
"2020-08-12T12:51:31.598";-6.48499;13.19885;-98.7854;0.46899;-0.12634;0.49915;99486
"2020-08-12T12:51:31.608";-12.19177;16.17432;-103.02734;0.4447;-0.11377;0.4729;99494
"2020-08-12T12:51:31.615";-18.00537;19.27185;-109.35974;0.41882;-0.1106;0.45093;99503
"2020-08-12T12:51:31.627";-22.97974;21.89636;-116.9281;0.39282;-0.12219;0.42737;99515
"2020-08-12T12:51:31.636";-26.32141;23.46802;-124.75586;0.36865;-0.12769;0.401;99524
"2020-08-12T12:51:31.645";-28.54919;24.16992;-132.30896;0.35413;-0.11816;0.3833;99533
"2020-08-12T12:51:31.653";-30.59387;24.85657;-139.35852;0.3479;-0.09863;0.38025;99541
"2020-08-12T12:51:31.666";-33.52356;26.03149;-145.38574;0.32202;-0.07312;0.36572;99554
"2020-08-12T12:51:31.675";-37.2467;25.89417;-150.63477;0.2926;-0.05566;0.34814;99563
"2020-08-12T12:51:31.685";-41.42761;24.30725;-154.19006;0.27051;-0.03394;0.33923;99572
"2020-08-12T12:51:31.692";-41.42761;24.30725;-154.19006;0.27051;-0.03394;0.33923;99580
"2020-08-12T12:51:31.704";-51.54419;18.81409;-154.31213;0.22693;-0.02881;0.31067;99593
"2020-08-12T12:51:31.713";-51.54419;18.81409;-154.31213;0.22168;-0.03821;0.29504;99601
"2020-08-12T12:51:31.722";-55.54199;15.51819;-149.78027;0.22168;-0.03821;0.29504;99610
"2020-08-12T12:51:31.730";-57.92236;12.60376;-142.16614;0.22363;-0.05005;0.28296;99619
"2020-08-12T12:51:31.743";-58.39539;10.26917;-132.72095;0.21899;-0.0592;0.26001;99631