"Time";"gx";"gy";"gz";"ax";"ay";"az";"ts"
"2020-08-12T10:03:24.633";18.17322;109.49707;-11.27625;0.55554;-0.13696;0.23462;25826
"2020-08-12T10:03:24.642";20.82825;128.72314;-2.16675;0.51294;-0.08948;0.24915;25834
"2020-08-12T10:03:24.650";21.30127;143.95142;5.32532;0.59363;-0.09973;0.28027;25843
"2020-08-12T10:03:24.663";22.10999;160.2478;10.17761;0.60571;-0.07141;0.30957;25855
"2020-08-12T10:03:24.671";19.68384;172.94312;14.73999;0.53516;0.03015;0.29785;25863
"2020-08-12T10:03:24.679";9.93347;176.30005;17.25769;0.45251;0.12048;0.30286;25872
"2020-08-12T10:03:24.688";-4.82178;170.24231;16.63208;0.45105;0.15796;0.3645;25881
"2020-08-12T10:03:24.701";-20.08057;161.17859;12.72583;0.41858;0.15784;0.44299;25893
"2020-08-12T10:03:24.709";-34.05762;148.31543;8.5144;0.38696;0.1062;0.5293;25902
"2020-08-12T10:03:24.719";-44.08264;133.69751;5.40161;0.43469;0.05225;0.60999;25910
"2020-08-12T10:03:24.726";-52.10876;120.224;4.28772;0.38367;0.05981;0.61072;25919
"2020-08-12T10:03:24.738";-61.58447;101.98975;2.76184;0.33521;0.11304;0.59875;25931
"2020-08-12T10:03:24.747";-74.11194;80.04761;-4.65393;0.32874;0.1709;0.64294;25940
"2020-08-12T10:03:24.756";-74.11194;80.04761;-4.65393;0.31824;0.14185;0.74756;25948
"2020-08-12T10:03:24.764";-87.55493;59.55505;-19.89746;0.31824;0.14185;0.74756;25957
"2020-08-12T10:03:24.777";-95.71838;35.94971;-66.28418;0.41833;-0.05591;0.9502;25969
"2020-08-12T10:03:24.785";-95.71838;35.94971;-66.28418;0.41833;-0.05591;0.9502;25978
"2020-08-12T10:03:24.799";-91.27808;26.03149;-80.88684;0.33228;-0.06165;0.875;25986
"2020-08-12T10:03:24.804";-87.61597;1.43433;-82.48901;0.28845;-0.02747;0.79724;25995
"2020-08-12T10:03:24.815";-85.40344;-29.06799;-77.46887;0.35083;-0.02527;0.8009;26007
"2020-08-12T10:03:24.824";-81.10046;-50.38452;-70.81604;0.46448;-0.07288;0.84778;26016
"2020-08-12T10:03:24.832";-72.70813;-58.7616;-65.24658;0.50879;-0.10815;0.8446;26025
"2020-08-12T10:03:24.840";-61.21826;-57.99866;-64.37683;0.61353;-0.13647;0.85742;26033
"2020-08-12T10:03:24.853";-48.41614;-48.30933;-64.11743;0.63391;-0.12964;0.81592;26045
"2020-08-12T10:03:24.862";-37.01782;-38.74207;-59.52454;0.64258;-0.07788;0.75586;26054
"2020-08-12T10:03:24.870";-29.22058;-30.16663;-51.94092;0.70557;-0.01843;0.73853;26062
"2020-08-12T10:03:24.878";-23.65112;-17.37976;-43.8385;0.78906;-0.05786;0.75745;26071
"2020-08-12T10:03:24.891";-15.42664;2.91443;-34.13391;0.88599;-0.10889;0.79517;26083
"2020-08-12T10:03:24.900";-5.02014;30.86853;-23.33069;0.95154;-0.10632;0.80981;26092
"2020-08-12T10:03:24.909";4.40979;61.73706;-10.81848;0.99695;-0.07104;0.84155;26101
"2020-08-12T10:03:24.919";4.40979;61.73706;-10.81848;0.98975;0.01318;0.87671;26110
"2020-08-12T10:03:24.930";11.90186;111.16028;20.15686;0.89917;0.1344;0.87085;26122
"2020-08-12T10:03:24.938";7.1106;115.3717;28.4729;0.84314;0.26086;0.8811;26130
"2020-08-12T10:03:24.947";7.1106;115.3717;28.4729;0.84314;0.26086;0.8811;26139
"2020-08-12T10:03:24.955";-3.26538;111.00769;23.94104;0.8241;0.32886;0.90686;26148
"2020-08-12T10:03:24.976";-23.45276;106.91833;-9.73511;0.87109;0.12268;1.07483;26168
"2020-08-12T10:03:24.985";-23.4375;113.84583;-23.6969;0.84668;0.00781;1.16589;26176
"2020-08-12T10:03:24.992";-18.70728;116.86707;-31.08215;0.77087;-0.03223;1.26941;26185
"2020-08-12T10:03:25.004";-13.5498;108.23059;-32.77588;0.66748;-0.06042;1.35339;26196
"2020-08-12T10:03:25.012";-8.8501;84.68628;-28.88489;0.60327;-0.09204;1.40393;26205
"2020-08-12T10:03:25.025";-3.37219;52.64282;-19.19556;0.62292;-0.16223;1.43896;26214
"2020-08-12T10:03:25.030";6.16455;22.90344;-4.71497;0.66931;-0.25171;1.44397;26222
"2020-08-12T10:03:25.041";20.29419;-0.24414;11.35254;0.71509;-0.30322;1.4054;26233
"2020-08-12T10:03:25.050";36.5448;-14.83154;24.93286;0.7948;-0.34851;1.37659;26242
"2020-08-12T10:03:25.058";36.5448;-14.83154;24.93286;0.83545;-0.38635;1.37012;26250
"2020-08-12T10:03:25.066";54.04663;-17.45605;32.85217;0.83545;-0.38635;1.37012;26259
"2020-08-12T10:03:25.077";72.17407;-9.91821;30.13611;0.82422;-0.4137;1.38599;26270
"2020-08-12T10:03:25.086";90.49988;5.5542;13.45825;0.80518;-0.40466;1.42017;26278
"2020-08-12T10:03:25.095";106.46057;27.32849;-13.07678;0.78149;-0.3739;1.45227;26287
"2020-08-12T10:03:25.104";118.10303;50.84229;-38.05542;0.79077;-0.35962;1.48328;26296
"2020-08-12T10:03:25.114";124.84741;70.81604;-49.9115;0.79492;-0.29736;1.52417;26307
"2020-08-12T10:03:25.123";122.39075;79.48303;-45.47119;0.76929;-0.17188;1.56213;26316
"2020-08-12T10:03:25.132";107.8949;71.91467;-27.84729;0.74243;-0.02649;1.61292;26324
"2020-08-12T10:03:25.140";81.77185;54.64172;-5.27954;0.74707;0.09375;1.67346;26333
"2020-08-12T10:03:25.152";47.3938;38.86414;14.45007;0.75854;0.1488;1.70679;26343
"2020-08-12T10:03:25.160";10.0708;31.25;27.81677;0.77319;0.16333;1.70935;26352
"2020-08-12T10:03:25.168";10.0708;31.25;27.81677;0.77319;0.16333;1.70935;26361
"2020-08-12T10:03:25.177";-25.84839;32.15027;34.51538;0.77075;0.14978;1.68457;26369
"2020-08-12T10:03:25.188";-57.52563;36.40747;38.14697;0.75146;0.12024;1.65222;26380
"2020-08-12T10:03:25.196";-84.25903;39.68811;40.00854;0.69604;0.10376;1.62549;26389
"2020-08-12T10:03:25.205";-106.68945;35.94971;35.21729;0.604;0.07861;1.60217;26397
"2020-08-12T10:03:25.216";-124.66431;23.49854;19.85168;0.54443;0.04675;1.59009;26406
"2020-08-12T10:03:25.225";-137.4054;6.57654;-4.5929;0.53442;0.00256;1.58337;26417
"2020-08-12T10:03:25.233";-144.02771;-12.03918;-33.3252;0.54102;-0.05347;1.56995;26426
"2020-08-12T10:03:25.242";-143.60046;-32.27234;-62.0575;0.53809;-0.104;1.54883;26434
"2020-08-12T10:03:25.251";-136.82556;-53.2074;-86.7157;0.54199;-0.15271;1.52112;26443
"2020-08-12T10:03:25.262";-124.64905;-72.98279;-103.31726;0.5636;-0.20068;1.48926;26454
"2020-08-12T10:03:25.270";-124.64905;-72.98279;-103.31726;0.5896;-0.23096;1.4552;26462
"2020-08-12T10:03:25.279";-108.04749;-89.44702;-110.04639;0.5896;-0.23096;1.4552;26471
"2020-08-12T10:03:25.287";-88.37891;-101.65405;-108.52051;0.60645;-0.25037;1.40454;26480
"2020-08-12T10:03:25.298";-67.10815;-109.55811;-100.72327;0.62195;-0.25146;1.34277;26490
"2020-08-12T10:03:25.307";-46.24939;-113.15918;-88.51624;0.63269;-0.22705;1.27026;26499
"2020-08-12T10:03:25.318";-27.14539;-111.93848;-72.87598;0.6554;-0.19617;1.1991;26508
"2020-08-12T10:03:25.324";-10.23865;-105.19409;-53.22266;0.69128;-0.16309;1.12805;26517
"2020-08-12T10:03:25.336";4.27246;-92.33093;-29.96826;0.71973;-0.13599;1.07043;26528
"2020-08-12T10:03:25.344";16.72363;-73.74573;-5.96619;0.72107;-0.10217;1.02173;26536
"2020-08-12T10:03:25.353";26.82495;-52.56653;15.60974;0.68518;-0.04932;0.9751;26545
"2020-08-12T10:03:25.361";34.17969;-33.98132;33.29468;0.64954;-0.02722;0.95251;26554
"2020-08-12T10:03:25.372";40.23743;-22.06421;49.14856;0.60852;-0.02295;0.94067;26564
"2020-08-12T10:03:25.380";40.23743;-22.06421;49.14856;0.58679;0.00562;0.92664;26573
"2020-08-12T10:03:25.389";45.66956;-19.68384;64.11743;0.58679;0.00562;0.92664;26581
"2020-08-12T10:03:25.397";48.76709;-25.05493;76.15662;0.57019;0.05188;0.90015;26590
"2020-08-12T10:03:25.408";48.32458;-34.68323;83.12988;0.54285;0.09985;0.85889;26601
"2020-08-12T10:03:25.418";44.40308;-44.76929;85.18982;0.53308;0.13074;0.82361;26610
"2020-08-12T10:03:25.426";38.2843;-51.52893;85.63232;0.54199;0.12134;0.79834;26619
"2020-08-12T10:03:25.435";32.66907;-53.84827;89.29443;0.5343;0.07324;0.76624;26627
"2020-08-12T10:03:25.459";31.05164;-56.10657;107.69653;0.48181;-0.03674;0.69653;26649
"2020-08-12T10:03:25.465";35.23254;-61.92017;116.01257;0.42444;-0.05408;0.65942;26658
"2020-08-12T10:03:25.474";41.01563;-73.12012;118.68286;0.37061;-0.05139;0.61926;26666
"2020-08-12T10:03:25.486";46.53931;-89.32495;113.23547;0.30774;-0.02649;0.56116;26678
"2020-08-12T10:03:25.494";50.39978;-110.03113;99.44153;0.25549;-0.00891;0.49915;26687
"2020-08-12T10:03:25.504";52.96326;-132.91931;80.67322;0.21399;-0.0144;0.42896;26696
"2020-08-12T10:03:25.512";52.96326;-132.91931;80.67322;0.19458;-0.02026;0.34424;26704
"2020-08-12T10:03:25.524";56.12183;-172.72949;47.74475;0.19153;-0.02173;0.25452;26717
"2020-08-12T10:03:25.533";55.92346;-184.82971;39.59656;0.20508;-0.02441;0.17358;26725
"2020-08-12T10:03:25.542";55.92346;-184.82971;39.59656;0.2356;-0.02979;0.12134;26734
"2020-08-12T10:03:25.550";54.79431;-188.50708;38.17749;0.2356;-0.02979;0.12134;26743
"2020-08-12T10:03:25.565";52.73438;-182.83081;41.70227;0.26721;-0.0614;0.07092;26755
"2020-08-12T10:03:25.571";50.82703;-170.50171;46.70715;0.26721;-0.0614;0.07092;26763
"2020-08-12T10:03:25.579";49.83521;-154.40369;50.03357;0.27148;-0.0625;0.05164;26772
"2020-08-12T10:03:25.588";48.72131;-135.69641;49.89624;0.29089;-0.04663;0.03357;26780
"2020-08-12T10:03:25.599";46.96655;-114.76135;46.34094;0.27917;-0.04932;0.0083;26792
"2020-08-12T10:03:25.609";45.59326;-94.08569;39.71863;0.2854;-0.0542;-0.0072;26801
"2020-08-12T10:03:25.617";45.51697;-71.7926;31.11267;0.31763;-0.06482;-0.00928;26810
"2020-08-12T10:03:25.626";46.78345;-46.70715;22.06421;0.3656;-0.08276;0.00574;26819
"2020-08-12T10:03:25.640";48.81287;-17.85278;12.35962;0.41431;-0.08752;0.01538;26831
"2020-08-12T10:03:25.647";50.44556;13.6261;2.59399;0.4021;-0.08459;0.00171;26839
"2020-08-12T10:03:25.656";50.65918;43.82324;-5.23376;0.37244;-0.08057;0.00452;26848
"2020-08-12T10:03:25.664";49.17908;71.56372;-11.68823;0.35229;-0.0542;0.02417;26857
"2020-08-12T10:03:25.684";37.23145;118.72864;-20.58411;0.29407;0.0072;0.07678;26877
"2020-08-12T10:03:25.694";37.23145;118.72864;-20.58411;0.28516;0.00269;0.10974;26885
"2020-08-12T10:03:25.702";26.41296;137.00867;-23.6969;0.28516;0.00269;0.10974;26894
"2020-08-12T10:03:25.715";14.80103;152.38953;-27.4353;0.2821;-0.01855;0.16284;26905
"2020-08-12T10:03:25.722";4.27246;165.6189;-32.59277;0.32031;-0.0437;0.21289;26913
"2020-08-12T10:03:25.731";-4.08936;179.56543;-39.47449;0.3866;-0.07568;0.25806;26923
"2020-08-12T10:03:25.743";-9.53674;195.92285;-47.22595;0.45703;-0.12146;0.29028;26931
"2020-08-12T10:03:25.750";-11.6272;210.70862;-53.87878;0.47705;-0.16309;0.31946;26942
"2020-08-12T10:03:25.758";-11.33728;213.65356;-56.03027;0.35376;-0.18726;0.38403;26951
"2020-08-12T10:03:25.767";-11.61194;196.48743;-51.04065;0.22351;-0.20483;0.45105;26960
"2020-08-12T10:03:25.776";-13.45825;161.65161;-42.31262;0.16248;-0.18433;0.52466;26968
"2020-08-12T10:03:25.798";-28.15247;70.69397;-31.02112;0.10693;-0.07629;0.55078;26990
"2020-08-12T10:03:25.806";-40.49683;31.67725;-33.20313;0.16541;-0.03345;0.55652;26998
"2020-08-12T10:03:25.814";-53.35999;7.59888;-40.23743;0.30518;-0.04883;0.63757;27007
"2020-08-12T10:03:25.827";-63.2782;1.75476;-47.5769;0.40833;-0.10364;0.73047;27019
"2020-08-12T10:03:25.835";-68.71033;5.70679;-50.52185;0.41699;-0.15857;0.7843;27028
"2020-08-12T10:03:25.845";-69.59534;10.94055;-48.84338;0.39136;-0.20288;0.80505;27037
"2020-08-12T10:03:25.853";-69.59534;10.94055;-48.84338;0.39136;-0.20288;0.80505;27046
"2020-08-12T10:03:25.874";-62.69836;14.0686;-38.5437;0.34094;-0.19543;0.74951;27066
"2020-08-12T10:03:25.882";-56.79321;15.45715;-32.68433;0.44678;-0.25073;0.84351;27074
"2020-08-12T10:03:25.890";-46.02051;24.55139;-24.76501;0.51489;-0.30237;0.92358;27083
"2020-08-12T10:03:25.901";-32.77588;38.04016;-13.76343;0.54956;-0.27759;0.93176;27094
"2020-08-12T10:03:25.910";-21.71326;53.81775;-1.72424;0.57581;-0.23804;0.93323;27103
"2020-08-12T10:03:25.920";-12.75635;71.0907;8.81958;0.55493;-0.20544;0.9021;27111
"2020-08-12T10:03:25.928";-5.59998;86.80725;16.00647;0.56042;-0.16846;0.89893;27120
"2020-08-12T10:03:25.939";1.12915;102.6001;18.11218;0.60449;-0.19421;0.95691;27132
"2020-08-12T10:03:25.948";10.69641;117.32483;16.0675;0.56702;-0.19177;0.96411;27140
"2020-08-12T10:03:25.958";21.14868;121.0022;13.5498;0.46741;-0.11975;0.95166;27149
"2020-08-12T10:03:25.965";21.14868;121.0022;13.5498;0.35461;-0.0531;0.95215;27157
"2020-08-12T10:03:25.976";32.0282;75.30212;20.73669;0.29224;0.00647;0.93726;27168
"2020-08-12T10:03:25.984";32.0282;75.30212;20.73669;0.29224;0.00647;0.93726;27177
"2020-08-12T10:03:25.993";32.31812;36.45325;26.39771;0.31506;0.05383;0.9541;27185
"2020-08-12T10:03:26.001";30.15137;3.57056;28.25928;0.3988;0.04895;0.98633;27194
"2020-08-12T10:03:26.012";27.57263;-15.91492;25.40588;0.46692;0.06775;0.99768;27205
"2020-08-12T10:03:26.022";23.05603;-22.32361;17.91382;0.49976;0.08679;1.03711;27213
"2020-08-12T10:03:26.030";16.86096;-19.65332;10.11658;0.49878;0.06897;1.06873;27222
"2020-08-12T10:03:26.039";10.40649;-14.02283;7.62939;0.4845;0.05798;1.06628;27231
"2020-08-12T10:03:26.050";3.98254;-8.80432;10.72693;0.48413;0.03027;1.07153;27242
"2020-08-12T10:03:26.060";0;-4.97437;17.79175;0.47546;-0.02063;1.05371;27250
"2020-08-12T10:03:26.067";0.13733;-5.20325;26.42822;0.46448;-0.06323;1.01904;27259
"2020-08-12T10:03:26.075";0.13733;-5.20325;26.42822;0.46448;-0.06323;1.01904;27268
"2020-08-12T10:03:26.086";4.2572;-9.8877;33.5083;0.51843;-0.06543;1.01489;27278
"2020-08-12T10:03:26.095";10.81848;-15.94543;36.68213;0.51843;-0.06543;1.01489;27287
"2020-08-12T10:03:26.103";17.82227;-19.4397;35.61401;0.57141;-0.06677;1.05737;27296
"2020-08-12T10:03:26.112";24.84131;-16.99829;32.0282;0.59814;-0.08752;1.09314;27304
"2020-08-12T10:03:26.124";31.7688;-11.38306;29.02222;0.59802;-0.09888;1.08569;27315
"2020-08-12T10:03:26.132";38.26904;-6.16455;27.74048;0.60059;-0.10754;1.05798;27324
"2020-08-12T10:03:26.141";44.81506;-2.70081;27.48108;0.60937;-0.11194;1.01257;27333
"2020-08-12T10:03:26.152";51.17798;-1.83105;26.88599;0.6416;-0.09607;0.99207;27342
"2020-08-12T10:03:26.163";56.44226;-0.67139;24.27673;0.70471;-0.07129;1.02307;27353
"2020-08-12T10:03:26.168";59.29565;4.02832;19.77539;0.73669;-0.03137;1.0592;27361
"2020-08-12T10:03:26.178";58.18176;10.91003;14.08386;0.73364;-0.00793;1.1167;27370
"2020-08-12T10:03:26.186";58.18176;10.91003;14.08386;0.73364;-0.00793;1.1167;27378
"2020-08-12T10:03:26.197";53.86353;18.63098;7.73621;0.72607;-0.05591;1.16455;27389
"2020-08-12T10:03:26.205";49.02649;25.72632;3.37219;0.72607;-0.05591;1.16455;27398
"2020-08-12T10:03:26.214";46.08154;30.62439;3.35693;0.73071;-0.09497;1.17505;27406
"2020-08-12T10:03:26.222";45.18127;32.65381;7.12585;0.75427;-0.11584;1.1936;27415
"2020-08-12T10:03:26.234";45.36438;32.44019;12.29858;0.77429;-0.12146;1.24512;27426
"2020-08-12T10:03:26.243";44.70825;32.60803;14.25171;0.78857;-0.10156;1.32764;27435
"2020-08-12T10:03:26.255";40.63416;35.40039;10.69641;0.77429;-0.07776;1.40784;27444
"2020-08-12T10:03:26.261";32.62329;39.90173;2.99072;0.7467;-0.08386;1.47925;27452
"2020-08-12T10:03:26.270";22.93396;44.98291;-5.14221;0.7478;-0.1095;1.53638;27463
"2020-08-12T10:03:26.279";13.90076;48.9502;-10.25391;0.7395;-0.13574;1.57959;27472
"2020-08-12T10:03:26.288";13.90076;48.9502;-10.25391;0.72815;-0.14514;1.61523;27480
"2020-08-12T10:03:26.296";6.94275;48.00415;-11.79504;0.72815;-0.14514;1.61523;27489
"2020-08-12T10:03:26.307";1.38855;41.01563;-11.16943;0.69995;-0.13232;1.67566;27499
"2020-08-12T10:03:26.316";-3.11279;29.11377;-10.26917;0.69995;-0.13232;1.67566;27508
"2020-08-12T10:03:26.326";-9.23157;15.38086;-12.57324;0.65369;-0.09082;1.69885;27517
"2020-08-12T10:03:26.333";-18.6615;0.41199;-18.50891;0.58167;-0.06421;1.69739;27525
"2020-08-12T10:03:26.345";-30.9906;-16.51001;-25.14648;0.53577;-0.04687;1.68127;27537
"2020-08-12T10:03:26.357";-44.52515;-34.62219;-29.12903;0.53186;-0.0752;1.64307;27545
"2020-08-12T10:03:26.363";-54.91638;-52.00195;-27.52686;0.56189;-0.13171;1.59265;27554
"2020-08-12T10:03:26.373";-59.86023;-67.38281;-21.8811;0.60059;-0.17444;1.54028;27563
"2020-08-12T10:03:26.382";-59.47876;-78.73535;-17.02881;0.64465;-0.19336;1.49585;27573
"2020-08-12T10:03:26.392";-55.35889;-84.01489;-16.44897;0.68848;-0.18201;1.45984;27582
"2020-08-12T10:03:26.398";-55.35889;-84.01489;-16.44897;0.71643;-0.15698;1.4209;27590
"2020-08-12T10:03:26.947";-40.3595;-54.18396;-27.57263;0.81641;-0.08716;1.29407;27627
"2020-08-12T10:03:26.948";-45.97473;-77.30103;-24.09363;0.74292;-0.12024;1.37537;27610
"2020-08-12T10:03:27.036";-31.67725;-24.84131;-23.46802;0.82507;-0.0354;1.20471;27647
"2020-08-12T10:03:27.037";-21.54541;-12.51221;-9.44519;0.75488;0.08105;1.09973;27673
"2020-08-12T10:03:27.038";-19.21082;-16.02173;-4.80652;0.71777;0.10181;1.05896;27684
"2020-08-12T10:03:27.039";-16.90674;-20.27893;-3.72314;0.68726;0.11719;1.02832;27692
"2020-08-12T10:03:27.040";-14.67896;-22.55249;-7.43103;0.66321;0.1001;1.02271;27709
"2020-08-12T10:03:27.041";-5.37109;-22.81189;-17.42554;0.60181;0.01111;1.04211;27727
"2020-08-12T10:03:27.042";11.32202;-28.41187;-17.91382;0.56042;-0.01978;1.00012;27745
"2020-08-12T10:03:27.043";20.59937;-31.66199;-12.63428;0.56067;-0.04163;0.97327;27756
"2020-08-12T10:03:27.044";31.66199;-33.56934;-4.21143;0.5575;-0.06897;0.94775;27765
"2020-08-12T10:03:27.045";44.44885;-34.56116;5.75256;0.52673;-0.08716;0.92834;27773
"2020-08-12T10:03:27.046";44.44885;-34.56116;5.75256;0.47998;-0.08496;0.90833;27782
"2020-08-12T10:03:27.047";70.90759;-47.28699;27.67944;0.43848;-0.05237;0.8949;27801
"2020-08-12T10:03:27.048";80.61218;-60.57739;39.18457;0.39868;-0.00391;0.86292;27810
"2020-08-12T10:03:27.049";86.38;-76.3855;50.84229;0.35547;0.04773;0.79456;27819
"2020-08-12T10:03:27.050";87.9364;-111.93848;73.21167;0.30847;0.10889;0.57654;27839
"2020-08-12T10:03:27.051";85.17456;-128.17383;81.55823;0.29907;0.13171;0.46484;27848
"2020-08-12T10:03:27.052";80.23071;-140.56396;86.79199;0.29468;0.14063;0.36438;27856
"2020-08-12T10:03:27.053";67.48962;-145.99609;90.20996;0.33081;0.11255;0.26843;27876
"2020-08-12T10:03:27.054";62.60681;-137.29858;91.43066;0.33704;0.07373;0.22559;27884
"2020-08-12T10:03:27.055";61.40137;-111.84692;95.44373;0.3252;0.00757;0.10327;27904
"2020-08-12T10:03:27.056";61.40137;-111.84692;95.44373;0.3252;0.00757;0.10327;27913
"2020-08-12T10:03:27.057";64.84985;-99.10583;95.44373;0.31531;-0.00452;0.05127;27921
"2020-08-12T10:03:27.058";74.93591;-77.83508;83.45032;0.28284;0.00195;-0.00452;27941
"2020-08-12T10:03:27.068";79.6051;-68.29834;72.73865;0.27258;0.00269;-0.01221;27950
"2020-08-12T10:03:27.069";83.09937;-58.34961;61.17249;0.25989;-0.00513;-0.02405;27958
"2020-08-12T10:03:27.070";86.22742;-34.39331;43.88428;0.27283;-0.01685;-0.01392;27978
"2020-08-12T10:03:27.078";-50.6134;113.32703;-23.19336;0.34802;-0.13782;0.8855;28180
"2020-08-12T10:03:27.079";-39.27612;111.05347;-11.87134;0.36206;-0.11902;0.62231;28152
"2020-08-12T10:03:27.080";-22.30835;128.70789;-11.21521;0.31677;-0.04443;0.45459;28134
"2020-08-12T10:03:27.081";7.76672;135.45227;-6.71387;0.33044;-0.03357;0.35986;28097
"2020-08-12T10:03:27.082";29.20532;139.73999;-0.21362;0.28796;-0.02185;0.22852;28077
"2020-08-12T10:03:27.083";69.06128;58.41064;28.83911;0.36926;-0.02515;0.12146;28032
"2020-08-12T10:03:27.084";77.71301;14.8468;33.63037;0.35657;-0.02795;0.08386;28014
"2020-08-12T10:03:27.085";85.08301;-19.27185;38.83362;0.27527;-0.0083;0.00732;27986
"2020-08-12T10:03:27.091";-63.06458;31.93665;-57.09839;0.30676;-0.07227;0.82898;28226
"2020-08-12T10:03:27.092";-56.28967;86.68518;-37.68921;0.21216;-0.06287;0.79492;28200
"2020-08-12T10:03:27.093";-52.948;104.96521;-29.52576;0.27856;-0.09827;0.86292;28189
"2020-08-12T10:03:27.117";-65.12451;6.34766;-75.6073;0.36414;-0.05383;0.88513;28244
"2020-08-12T10:03:27.118";-67.94739;7.98035;-79.33044;0.38635;-0.04712;0.90454;28253
"2020-08-12T10:03:27.130";-71.44165;12.60376;-76.23291;0.39111;-0.04553;0.86841;28262
"2020-08-12T10:03:27.131";-75.92773;19.59229;-50.85754;0.40662;-0.0918;0.82385;28281
"2020-08-12T10:03:27.132";-72.92175;22.67456;-31.47888;0.42456;-0.1532;0.85559;28290
"2020-08-12T10:03:27.142";-52.76489;32.04346;10.46753;0.47986;-0.2113;0.93591;28309
"2020-08-12T10:03:27.146";-39.3219;38.26904;27.5116;0.48413;-0.20349;0.94995;28318
"2020-08-12T10:03:27.149";-25.61951;44.06738;38.42163;0.48401;-0.17517;0.95752;28327
"2020-08-12T10:03:27.151";-25.61951;44.06738;38.42163;0.48401;-0.17517;0.95752;28335
"2020-08-12T10:03:27.157";-12.34436;48.49243;42.67883;0.5116;-0.17493;0.95801;28346
"2020-08-12T10:03:27.165";1.49536;50.354;42.8009;0.5116;-0.17493;0.95801;28355
"2020-08-12T10:03:27.176";16.28113;51.9104;41.53442;0.52893;-0.18774;0.96204;28364
"2020-08-12T10:03:27.181";31.66199;52.84119;40.20691;0.53186;-0.21716;0.97107;28373
"2020-08-12T10:03:27.191";48.03467;53.1311;38.33008;0.52844;-0.23169;1.00549;28384
"2020-08-12T10:03:27.200";63.84277;52.82593;34.11865;0.51282;-0.1842;1.01172;28392
"2020-08-12T10:03:27.209";75.18005;49.86572;26.04675;0.49646;-0.09717;1.02649;28401
"2020-08-12T10:03:27.217";80.24597;43.36548;14.60266;0.46704;-0.03149;1.02551;28410
"2020-08-12T10:03:27.228";80.24597;32.15027;2.36511;0.44324;0.0116;1.00183;28421
"2020-08-12T10:03:27.237";76.58386;18.23425;-7.46155;0.44348;0.02917;0.99976;28429
"2020-08-12T10:03:27.246";70.84656;5.63049;-14.37378;0.45312;0.02869;0.99011;28438
"2020-08-12T10:03:27.255";70.84656;5.63049;-14.37378;0.47498;0.05542;0.98401;28447
"2020-08-12T10:03:27.266";53.51257;-8.65173;-23.86475;0.49573;0.11926;1.00696;28458
"2020-08-12T10:03:27.278";53.51257;-8.65173;-23.86475;0.49573;0.11926;1.00696;28467
"2020-08-12T10:03:27.283";38.87939;-9.6283;-29.38843;0.50403;0.17249;1.03784;28475
"2020-08-12T10:03:27.291";20.11108;-9.01794;-34.24072;0.47852;0.19678;1.08716;28484
"2020-08-12T10:03:27.303";-1.14441;-9.6283;-36.75842;0.4519;0.18201;1.15137;28495
"2020-08-12T10:03:27.312";-22.1405;-11.58142;-35.11047;0.44727;0.12634;1.19385;28504
"2020-08-12T10:03:27.320";-39.64233;-14.08386;-29.32739;0.43787;0.06165;1.18701;28513
"2020-08-12T10:03:27.329";-51.95618;-18.6615;-22.17102;0.45593;0.02795;1.1593;28521
"2020-08-12T10:03:27.343";-60.08911;-24.42932;-17.39502;0.51953;0.03882;1.13123;28532
"2020-08-12T10:03:27.350";-66.61987;-27.80151;-17.94434;0.59851;0.07263;1.11816;28541
"2020-08-12T10:03:27.358";-72.87598;-26.74866;-23.92578;0.65039;0.09546;1.13269;28550
"2020-08-12T10:03:27.366";-78.33862;-22.29309;-32.68433;0.68555;0.07544;1.17981;28559
"2020-08-12T10:03:27.383";-80.74951;-14.17542;-39.52026;0.7207;-0.01331;1.24854;28570
"2020-08-12T10:03:27.387";-80.74951;-14.17542;-39.52026;0.76343;-0.11462;1.29395;28578
"2020-08-12T10:03:27.397";-76.99585;-1.90735;-40.64941;0.76343;-0.11462;1.29395;28587
"2020-08-12T10:03:27.404";-65.91797;12.87842;-34.43909;0.78955;-0.22534;1.32214;28596
"2020-08-12T10:03:27.414";-47.19543;27.55737;-21.86584;0.81714;-0.33582;1.37573;28607
"2020-08-12T10:03:27.422";-21.80481;42.78564;-6.24084;0.8396;-0.3949;1.44812;28616
"2020-08-12T10:03:27.432";7.14111;58.22754;6.65283;0.81689;-0.39722;1.51099;28624
"2020-08-12T10:03:27.440";36.026;70.86182;12.87842;0.75806;-0.38794;1.56287;28633
"2020-08-12T10:03:27.453";63.12561;79.0863;11.91711;0.68835;-0.34729;1.61121;28644
"2020-08-12T10:03:27.461";85.64758;82.01599;4.63867;0.60217;-0.26965;1.64612;28652
"2020-08-12T10:03:27.469";101.50146;77.28577;-5.43213;0.5282;-0.21228;1.66467;28662
"2020-08-12T10:03:27.478";110.90088;64.66675;-13.16833;0.4679;-0.15247;1.67712;28670
"2020-08-12T10:03:27.489";113.20496;45.77637;-17.24243;0.42163;-0.06555;1.68945;28681
"2020-08-12T10:03:27.497";106.84204;22.79663;-19.3634;0.38745;0.02124;1.69373;28690
"2020-08-12T10:03:27.508";106.84204;22.79663;-19.3634;0.37378;0.10254;1.69092;28699
"2020-08-12T10:03:27.515";92.08679;-1.51062;-20.73669;0.37378;0.10254;1.69092;28707
"2020-08-12T10:03:27.526";69.68689;-23.92578;-23.22388;0.35937;0.20569;1.68945;28718
"2020-08-12T10:03:27.535";38.8031;-43.24341;-27.29797;0.35376;0.27954;1.6676;28727
"2020-08-12T10:03:27.543";2.31934;-59.43298;-29.87671;0.3833;0.30164;1.62097;28736
"2020-08-12T10:03:27.552";-35.3241;-70.89233;-27.93884;0.44629;0.28906;1.56848;28744
"2020-08-12T10:03:27.563";-70.61768;-75.63782;-21.40808;0.52502;0.23901;1.5127;28755
"2020-08-12T10:03:27.572";-100.40283;-72.98279;-11.93237;0.5946;0.18787;1.46228;28764
"2020-08-12T10:03:27.581";-123.94714;-64.59045;-2.70081;0.63806;0.14917;1.41162;28773
"2020-08-12T10:03:27.589";-141.61682;-53.6499;5.15747;0.6582;0.09875;1.35583;28782
"2020-08-12T10:03:27.600";-153.12195;-42.41943;11.21521;0.67639;0.04126;1.30518;28793
"2020-08-12T10:03:27.610";-158.05054;-30.96008;14.86206;0.6936;-0.01453;1.2572;28801
"2020-08-12T10:03:27.617";-158.05054;-30.96008;14.86206;0.70642;-0.07422;1.22217;28810
"2020-08-12T10:03:27.626";-156.11267;-19.94324;16.00647;0.70642;-0.07422;1.22217;28819
"2020-08-12T10:03:27.637";-146.86584;-10.54382;14.49585;0.70276;-0.17395;1.19177;28830
"2020-08-12T10:03:27.646";-131.3324;-4.11987;10.51331;0.70276;-0.17395;1.19177;28838
"2020-08-12T10:03:27.655";-111.08398;-1.4801;4.2572;0.67651;-0.20117;1.17725;28847
"2020-08-12T10:03:27.664";-87.50916;-3.35693;-4.66919;0.6449;-0.23462;1.15942;28856
"2020-08-12T10:03:27.689";-32.2876;-15.91492;-31.02112;0.56848;-0.2948;1.07739;28878
"2020-08-12T10:03:27.695";-2.38037;-22.18628;-47.37854;0.54883;-0.31006;1.03442;28887
"2020-08-12T10:03:27.703";26.94702;-25.71106;-63.30872;0.53101;-0.30286;0.99829;28896
"2020-08-12T10:03:27.716";53.69568;-25.74158;-76.27869;0.51978;-0.27112;0.96826;28908
"2020-08-12T10:03:27.725";76.21765;-22.96448;-83.98438;0.48853;-0.21948;0.93091;28917
"2020-08-12T10:03:27.734";92.91077;-19.25659;-85.43396;0.46521;-0.16321;0.89526;28926
"2020-08-12T10:03:27.742";103.92761;-14.61792;-80.2002;0.45679;-0.1377;0.87012;28934
"2020-08-12T10:03:27.754";111.54175;-9.3689;-67.39807;0.4552;-0.11853;0.85608;28946
"2020-08-12T10:03:27.763";116.33301;-5.37109;-47.53113;0.44397;-0.08533;0.85596;28955
"2020-08-12T10:03:27.772";117.1875;-4.24194;-22.29309;0.42004;-0.03345;0.86096;28964
"2020-08-12T10:03:27.780";113.20496;-5.78308;6.65283;0.39648;0.02173;0.86694;28973
"2020-08-12T10:03:27.793";104.35486;-9.56726;36.69739;0.36023;0.078;0.85742;28985
"2020-08-12T10:03:27.802";91.33911;-16.86096;64.02588;0.30994;0.12842;0.81567;28994
"2020-08-12T10:03:27.811";75.72937;-28.67126;85.37292;0.27209;0.17639;0.75891;29002
"2020-08-12T10:03:27.818";75.72937;-28.67126;85.37292;0.2417;0.20288;0.68311;29011
"2020-08-12T10:03:27.830";41.07666;-64.63623;104.38538;0.23022;0.21497;0.60034;29023
"2020-08-12T10:03:27.840";41.07666;-64.63623;104.38538;0.23706;0.23328;0.54211;29032
"2020-08-12T10:03:27.848";23.77319;-84.96094;101.69983;0.23706;0.23328;0.54211;29040
"2020-08-12T10:03:27.856";6.16455;-101.98975;92.13257;0.24536;0.23352;0.50964;29049
"2020-08-12T10:03:27.870";-10.71167;-113.64746;78.84216;0.24255;0.19666;0.48206;29061
"2020-08-12T10:03:27.878";-24.24622;-121.97876;64.78882;0.22485;0.15796;0.43127;29070
"2020-08-12T10:03:27.886";-34.01184;-130.63049;50.44556;0.19531;0.1344;0.36243;29079
"2020-08-12T10:03:27.895";-40.95459;-141.3269;35.46143;0.16809;0.1178;0.29065;29087
"2020-08-12T10:03:27.907";-45.73059;-153.18298;20.69092;0.15027;0.09424;0.22937;29099
"2020-08-12T10:03:27.916";-48.72131;-163.26904;7.24792;0.15808;0.06714;0.18884;29108
"2020-08-12T10:03:27.924";-50.0946;-168.09082;-4.0741;0.18213;0.03918;0.15942;29117
"2020-08-12T10:03:27.933";-49.77417;-166.25977;-12.49695;0.21875;0.00452;0.14221;29125
"2020-08-12T10:03:27.946";-47.22595;-157.40967;-17.25769;0.25842;-0.02808;0.13367;29137
"2020-08-12T10:03:27.955";-43.30444;-141.6626;-16.86096;0.30066;-0.03577;0.13892;29146
"2020-08-12T10:03:27.962";-39.94751;-120.26978;-10.75745;0.32629;-0.01941;0.13794;29155
"2020-08-12T10:03:27.971";-39.94751;-120.26978;-10.75745;0.32837;-0.04089;0.13123;29163
"2020-08-12T10:03:27.983";-34.05762;-69.56482;7.72095;0.33875;-0.0752;0.11694;29176
"2020-08-12T10:03:27.996";-28.38135;-42.66357;15.76233;0.35425;-0.09167;0.11121;29184
"2020-08-12T10:03:28.001";-28.38135;-42.66357;15.76233;0.36206;-0.09424;0.11096;29193
"2020-08-12T10:03:28.009";-21.60645;-14.70947;19.63806;0.36206;-0.09424;0.11096;29202
"2020-08-12T10:03:28.022";-8.7738;40.45105;11.5509;0.35681;-0.07629;0.12012;29214
"2020-08-12T10:03:28.030";-8.7738;40.45105;11.5509;0.35681;-0.07629;0.12012;29222
"2020-08-12T10:03:28.039";-3.96729;64.92615;1.43433;0.33618;-0.07056;0.12012;29231
"2020-08-12T10:03:28.047";0.2594;85.38818;-9.75037;0.32886;-0.07886;0.12244;29239
"2020-08-12T10:03:28.059";4.36401;101.77612;-20.69092;0.32385;-0.08533;0.13184;29251
"2020-08-12T10:03:28.068";8.19397;114.01367;-30.2124;0.32361;-0.08118;0.15283;29260
"2020-08-12T10:03:28.077";10.97107;122.7417;-37.36877;0.33777;-0.0752;0.19299;29269
"2020-08-12T10:03:28.086";12.4054;128.7384;-42.08374;0.35266;-0.07776;0.24304;29278
"2020-08-12T10:03:28.098";12.29858;130.44739;-43.12134;0.35266;-0.06653;0.28845;29290
"2020-08-12T10:03:28.108";9.58252;126.61743;-39.62708;0.34729;-0.05212;0.34155;29299
"2020-08-12T10:03:28.115";4.56238;118.69812;-32.68433;0.34253;-0.04797;0.38623;29307
"2020-08-12T10:03:28.123";-2.21252;108.88672;-24.4751;0.31616;-0.02881;0.40735;29316
"2020-08-12T10:03:28.135";-10.39124;97.7478;-18.82935;0.28918;-0.01758;0.42163;29328
"2020-08-12T10:03:28.144";-18.93616;86.27319;-17.86804;0.29431;-0.04578;0.47607;29337
"2020-08-12T10:03:28.152";-25.78735;77.33154;-20.08057;0.35291;-0.09387;0.5929;29345
"2020-08-12T10:03:28.161";-25.78735;77.33154;-20.08057;0.39636;-0.14124;0.69983;29354
"2020-08-12T10:03:28.173";-34.13391;73.59314;-19.14978;0.38403;-0.16028;0.74902;29366
"2020-08-12T10:03:28.185";-38.2843;69.56482;-11.68823;0.35999;-0.13647;0.74988;29375
"2020-08-12T10:03:28.192";-38.2843;69.56482;-11.68823;0.35999;-0.13647;0.74988;29384
"2020-08-12T10:03:28.200";-44.54041;60.92834;-2.57874;0.32129;-0.07739;0.71692;29392
"2020-08-12T10:03:28.212";-53.32947;48.04993;4.02832;0.35913;-0.08948;0.76147;29404
"2020-08-12T10:03:28.220";-61.61499;35.67505;6.60706;0.35913;-0.08948;0.76147;29413
"2020-08-12T10:03:28.230";-65.70435;27.61841;7.1106;0.42261;-0.16589;0.83801;29422
"2020-08-12T10:03:28.238";-63.5376;24.26147;8.74329;0.46118;-0.2406;0.89319;29430
"2020-08-12T10:03:28.259";-45.37964;15.38086;16.35742;0.42676;-0.26453;0.83411;29451
"2020-08-12T10:03:28.267";-35.21729;8.60596;15.89966;0.47241;-0.22009;0.85461;29459
"2020-08-12T10:03:28.276";-26.53503;8.22449;10.69641;0.50769;-0.2218;0.90112;29468
"2020-08-12T10:03:28.288";-17.86804;11.67297;4.5166;0.4928;-0.20227;0.90662;29479
"2020-08-12T10:03:28.296";-10.28442;12.72583;0.04578;0.47791;-0.18982;0.91174;29488
"2020-08-12T10:03:28.304";-3.43323;10.31494;-0.74768;0.47083;-0.17725;0.88953;29496
"2020-08-12T10:03:28.314";-3.43323;10.31494;-0.74768;0.48303;-0.14136;0.85547;29505
"2020-08-12T10:03:28.323";6.37817;0.30518;5.64575;0.54578;-0.12366;0.86719;29516
"2020-08-12T10:03:28.333";6.37817;0.30518;5.64575;0.54578;-0.12366;0.86719;29525
"2020-08-12T10:03:28.340";9.32312;2.02942;9.53674;0.60657;-0.10718;0.89001;29533
"2020-08-12T10:03:28.349";11.04736;9.38416;12.0697;0.60474;-0.06482;0.90283;29542
"2020-08-12T10:03:28.360";10.08606;16.31165;13.04626;0.57288;-0.02759;0.92639;29552
"2020-08-12T10:03:28.369";7.12585;18.75305;13.87024;0.53088;0.00537;0.92151;29561
"2020-08-12T10:03:28.380";2.24304;14.78577;15.99121;0.51294;0.04541;0.90295;29570
"2020-08-12T10:03:28.390";-4.47083;7.56836;19.31763;0.53162;0.05444;0.89502;29578
"2020-08-12T10:03:28.401";-10.97107;0.59509;22.10999;0.56445;0.06335;0.87598;29589
"2020-08-12T10:03:28.405";-16.98303;-2.91443;20.6604;0.61475;0.06274;0.90393;29598
"2020-08-12T10:03:28.416";-21.698;0.15259;15.31982;0.65869;-0.00439;0.97009;29607
"2020-08-12T10:03:28.422";-21.698;0.15259;15.31982;0.65869;-0.00439;0.97009;29615
"2020-08-12T10:03:28.434";-22.10999;8.14819;11.19995;0.61316;-0.12061;1.02942;29626
"2020-08-12T10:03:28.442";-18.8446;15.24353;10.66589;0.61316;-0.12061;1.02942;29635
"2020-08-12T10:03:28.451";-11.8866;18.03589;13.45825;0.58459;-0.18811;1.07239;29643
"2020-08-12T10:03:28.459";-0.57983;16.73889;17.86804;0.59375;-0.22449;1.0957;29652
"2020-08-12T10:03:28.470";13.01575;13.59558;20.84351;0.62891;-0.22107;1.11377;29663
"2020-08-12T10:03:28.480";26.93176;10.51331;18.96667;0.67688;-0.19666;1.11694;29671
"2020-08-12T10:03:28.488";39.0625;7.49207;11.09314;0.71216;-0.14319;1.11169;29680
"2020-08-12T10:03:28.496";47.34802;4.53186;-1.14441;0.70874;-0.09363;1.10449;29689
"2020-08-12T10:03:28.509";51.51367;1.28174;-13.8855;0.69788;-0.06213;1.11646;29700
"2020-08-12T10:03:28.518";52.04773;-0.74768;-23.51379;0.70239;-0.04614;1.15332;29708
"2020-08-12T10:03:28.525";52.04773;-0.74768;-23.51379;0.71985;-0.07385;1.21313;29717
"2020-08-12T10:03:28.533";49.92676;0.03052;-27.80151;0.71985;-0.07385;1.21313;29726
"2020-08-12T10:03:28.544";47.1344;4.08936;-25.42114;0.76331;-0.08008;1.26501;29736
"2020-08-12T10:03:28.552";42.51099;10.65063;-17.99011;0.79614;-0.06848;1.29285;29745
"2020-08-12T10:03:28.561";35.99548;16.76941;-7.35474;0.81494;-0.07825;1.30408;29754
"2020-08-12T10:03:28.570";29.58679;20.95032;6.01196;0.8252;-0.09448;1.29651;29762
"2020-08-12T10:03:28.582";24.26147;24.45984;19.3634;0.82166;-0.12659;1.29602;29773
"2020-08-12T10:03:28.590";21.51489;29.64783;29.14429;0.83252;-0.15845;1.31836;29782
"2020-08-12T10:03:28.599";21.20972;38.19275;33.66089;0.83813;-0.18628;1.35608;29791
"2020-08-12T10:03:28.610";22.84241;48.76709;33.87451;0.82275;-0.24341;1.40271;29800
"2020-08-12T10:03:28.621";27.14539;59.32617;32.94373;0.80774;-0.31152;1.45764;29810
"2020-08-12T10:03:28.627";33.59985;67.50488;32.71484;0.78198;-0.3855;1.50684;29819
"2020-08-12T10:03:28.635";33.59985;67.50488;32.71484;0.73206;-0.45068;1.5509;29828
"2020-08-12T10:03:28.644";41.45813;69.54956;32.50122;0.73206;-0.45068;1.5509;29836
"2020-08-12T10:03:28.654";51.10168;63.7207;28.65601;0.64709;-0.47534;1.57568;29847
"2020-08-12T10:03:28.664";61.95068;51.28479;16.20483;0.53882;-0.43359;1.57043;29856
"2020-08-12T10:03:28.672";71.74683;33.30994;-6.46973;0.44519;-0.34924;1.56226;29864
"2020-08-12T10:03:28.680";76.62964;12.05444;-35.69031;0.40332;-0.22925;1.57007;29873
"2020-08-12T10:03:28.699";62.14905;-29.46472;-81.20728;0.43469;-0.0802;1.54675;29891
"2020-08-12T10:03:28.712";46.41724;-45.18127;-82.96204;0.48169;-0.03308;1.53516;29900
"2020-08-12T10:03:28.717";46.41724;-45.18127;-82.96204;0.56018;-0.01746;1.5304;29909
"2020-08-12T10:03:28.727";8.27026;-56.86951;-61.7981;0.55737;0.0144;1.48779;29920
"2020-08-12T10:03:28.736";8.27026;-56.86951;-61.7981;0.58398;0.02539;1.45605;29929
"2020-08-12T10:03:28.745";-13.94653;-58.04443;-41.77856;0.58398;0.02539;1.45605;29937
"2020-08-12T10:03:28.753";-36.60583;-54.84009;-21.98792;0.6051;0.04541;1.4165;29946
"2020-08-12T10:03:28.765";-59.08203;-46.40198;-5.44739;0.63953;0.05298;1.38586;29957
"2020-08-12T10:03:28.774";-79.89502;-32.56226;6.65283;0.66956;0.04785;1.35779;29966
"2020-08-12T10:03:28.782";-97.15271;-14.41956;15.19775;0.70386;0.02466;1.32446;29974
"2020-08-12T10:03:28.790";-109.35974;6.19507;21.698;0.73999;-0.00574;1.29126;29983
"2020-08-12T10:03:28.802";-115.69214;26.19934;27.81677;0.74255;-0.03613;1.2583;29994
"2020-08-12T10:03:28.815";-115.84473;40.43579;34.5459;0.70984;-0.05847;1.23889;30003
"2020-08-12T10:03:28.820";-110.39734;45.33386;40.69519;0.66174;-0.07654;1.23523;30012
"2020-08-12T10:03:28.828";-100.47913;41.61072;43.35022;0.61475;-0.11169;1.23657;30020
"2020-08-12T10:03:28.847";-86.54785;32.74536;39.7644;0.54651;-0.18176;1.2312;30039
"2020-08-12T10:03:28.855";-69.25964;22.29309;28.19824;0.54651;-0.18176;1.2312;30048
"2020-08-12T10:03:28.864";-48.3551;10.98633;9.46045;0.51208;-0.22742;1.21167;30057
"2020-08-12T10:03:28.876";-24.59717;-0.07629;-13.77869;0.4873;-0.24109;1.18665;30068
"2020-08-12T10:03:28.884";-0.5188;-10.22339;-38.04016;0.44348;-0.22949;1.14526;30076
"2020-08-12T10:03:28.893";21.77429;-20.72144;-59.87549;0.40259;-0.19568;1.10181;30085
"2020-08-12T10:03:28.903";39.91699;-31.12793;-76.53809;0.37061;-0.12842;1.05298;30094
"2020-08-12T10:03:28.915";51.92566;-39.99329;-87.05139;0.34778;-0.05237;0.99878;30105
"2020-08-12T10:03:28.921";57.724;-47.25647;-89.55383;0.36072;-0.00122;0.95886;30114
"2020-08-12T10:03:28.930";59.37195;-52.1698;-81.28357;0.40051;-0.01025;0.94238;30122
"2020-08-12T10:03:28.940";60.63843;-54.26025;-61.00464;0.4491;-0.03296;0.93445;30131
"2020-08-12T10:03:28.952";61.96594;-53.19214;-32.04346;0.49304;-0.01685;0.93079;30142
"2020-08-12T10:03:28.958";61.96594;-53.19214;-32.04346;0.50842;0.01953;0.91736;30150
"2020-08-12T10:03:28.966";60.95886;-48.01941;0.09155;0.50842;0.01953;0.91736;30159
"2020-08-12T10:03:28.975";56.79321;-38.66577;32.74536;0.5177;0.03564;0.89978;30167
"2020-08-12T10:03:29.000";45.30334;-1.20544;123.0011;0.45361;0.04749;0.79614;30192
"2020-08-12T10:03:29.010";42.72461;3.2959;142.02881;0.41528;0.08252;0.73645;30202
"2020-08-12T10:03:29.021";38.84888;1.95312;152.02332;0.38013;0.12598;0.68188;30214
"2020-08-12T10:03:29.031";32.19604;-2.97546;151.68762;0.34143;0.17163;0.64099;30222
"2020-08-12T10:03:29.039";32.19604;-2.97546;151.68762;0.29773;0.20312;0.61316;30231
"2020-08-12T10:03:29.047";22.53723;-9.61304;141.86096;0.29773;0.20312;0.61316;30240
"2020-08-12T10:03:29.059";-0.73242;-29.60205;108.42896;0.2428;0.18689;0.60437;30252
"2020-08-12T10:03:29.068";-0.73242;-29.60205;108.42896;0.2428;0.18689;0.60437;30260
"2020-08-12T10:03:29.077";-9.99451;-43.35022;91.07971;0.23523;0.15015;0.60083;30269
"2020-08-12T10:03:29.086";-16.22009;-58.89893;74.52393;0.21838;0.11597;0.56836;30277
"2020-08-12T10:03:29.109";-21.08765;-92.48352;42.57202;0.19983;0.00549;0.41553;30301
"2020-08-12T10:03:29.122";-20.2179;-105.8197;27.35901;0.19983;0.00549;0.41553;30310
"2020-08-12T10:03:29.127";-17.41028;-115.6311;13.06152;0.18689;-0.02454;0.36255;30319
"2020-08-12T10:03:29.137";-13.15308;-121.9635;-0.07629;0.18726;-0.0708;0.33008;30329
"2020-08-12T10:03:29.146";-6.46973;-123.61145;-11.27625;0.22009;-0.12061;0.31824;30338
"2020-08-12T10:03:29.154";2.56348;-118.85071;-19.34814;0.2605;-0.1344;0.30725;30347
"2020-08-12T10:03:29.163";12.05444;-108.76465;-23.97156;0.2699;-0.12756;0.28113;30355
"2020-08-12T10:03:29.187";27.5116;-84.27429;-23.77319;0.24976;-0.11023;0.22119;30379
"2020-08-12T10:03:29.197";33.15735;-72.052;-20.33997;0.25293;-0.10071;0.19788;30388
"2020-08-12T10:03:29.205";37.41455;-59.82971;-16.15906;0.26038;-0.09082;0.17383;30397
"2020-08-12T10:03:29.218";40.29846;-46.70715;-12.20703;0.27039;-0.07617;0.15979;30410
"2020-08-12T10:03:29.227";41.74805;-32.11975;-8.92639;0.2821;-0.06738;0.16406;30418
"2020-08-12T10:03:29.236";42.37366;-15.74707;-6.27136;0.29834;-0.06311;0.18811;30427
"2020-08-12T10:03:29.243";42.44995;2.53296;-3.479;0.30847;-0.06299;0.20239;30436
"2020-08-12T10:03:29.256";42.02271;21.13342;1.08337;0.31042;-0.06567;0.1947;30448
"2020-08-12T10:03:29.265";41.18347;38.87939;8.255;0.31909;-0.07092;0.19287;30456
"2020-08-12T10:03:29.272";40.46631;55.52673;17.54761;0.32275;-0.06458;0.19812;30465
"2020-08-12T10:03:29.281";38.89465;69.39697;27.84729;0.31287;-0.05652;0.19727;30474
"2020-08-12T10:03:29.293";36.9873;78.97949;38.11646;0.31848;-0.073;0.22888;30485
"2020-08-12T10:03:29.303";36.23962;86.56311;47.08862;0.36121;-0.08215;0.29041;30494
"2020-08-12T10:03:29.312";36.23962;86.56311;47.08862;0.39209;-0.10339;0.34949;30503
"2020-08-12T10:03:29.319";36.45325;93.78052;54.6875;0.39209;-0.10339;0.34949;30512
"2020-08-12T10:03:29.331";38.90991;99.85352;68.13049;0.35974;-0.08215;0.39478;30524
"2020-08-12T10:03:29.340";38.90991;99.85352;68.13049;0.31458;-0.0509;0.38159;30533
"2020-08-12T10:03:29.350";37.99438;94.65027;72.23511;0.31458;-0.0509;0.38159;30541
"2020-08-12T10:03:29.357";34.77478;84.99146;72.43347;0.29565;-0.04456;0.40686;30550
"2020-08-12T10:03:29.369";31.06689;77.07214;68.02368;0.35339;-0.08594;0.51013;30562
"2020-08-12T10:03:29.382";29.1748;77.45361;59.50928;0.41394;-0.11499;0.61694;30570
"2020-08-12T10:03:29.387";28.10669;84.22852;48.81287;0.42456;-0.14075;0.71643;30579
"2020-08-12T10:03:29.422";17.53235;71.04492;27.6947;0.24756;-0.08228;0.75928;30609
"2020-08-12T10:03:29.423";23.97156;86.50208;32.18079;0.31152;-0.12573;0.78528;30600
"2020-08-12T10:03:29.429";7.76672;47.48535;23.66638;0.23608;-0.05798;0.75244;30618
"2020-08-12T10:03:29.433";-3.14331;23.81897;18.00537;0.26648;-0.05042;0.74878;30626
"2020-08-12T10:03:29.446";-13.30566;5.78308;9.75037;0.31653;-0.06616;0.77527;30638
"2020-08-12T10:03:29.454";-21.63696;-3.37219;0.9613;0.38123;-0.10071;0.82458;30647
"2020-08-12T10:03:29.464";-28.01514;-3.60107;-5.02014;0.42822;-0.12317;0.82471;30655
"2020-08-12T10:03:29.472";-28.01514;-3.60107;-5.02014;0.45117;-0.14355;0.80908;30664
"2020-08-12T10:03:29.492";-35.49194;7.30896;-5.66101;0.48816;-0.1969;0.7561;30684
"2020-08-12T10:03:29.501";-34.85107;14.69421;-3.17383;0.48816;-0.1969;0.7561;30693
"2020-08-12T10:03:29.509";-32.05872;24.24622;-2.88391;0.53284;-0.19507;0.79089;30701
"2020-08-12T10:03:29.520";-27.75574;39.68811;-4.80652;0.59082;-0.23523;0.90833;30713
"2020-08-12T10:03:29.531";-20.56885;60.72998;-4.22668;0.6106;-0.26501;0.98474;30722
"2020-08-12T10:03:29.538";-10.95581;79.48303;2.89917;0.59509;-0.29053;1.00256;30730
"2020-08-12T10:03:29.546";0.80872;89.21814;17.27295;0.56213;-0.28186;0.99316;30739
"2020-08-12T10:03:29.558";12.8479;87.70752;35.47668;0.52466;-0.23901;0.9679;30749
"2020-08-12T10:03:29.566";23.52905;79.51355;50.29297;0.5304;-0.20972;0.98401;30758
"2020-08-12T10:03:29.574";33.03528;72.63184;56.18286;0.54541;-0.18909;1.02783;30767
"2020-08-12T10:03:29.583";33.03528;72.63184;56.18286;0.52063;-0.13904;1.05664;30775
"2020-08-12T10:03:29.594";45.07446;68.38989;35.78186;0.46667;-0.09753;1.11511;30786
"2020-08-12T10:03:29.602";45.07446;68.38989;35.78186;0.41016;-0.0686;1.14917;30795
"2020-08-12T10:03:29.612";46.12732;63.94958;16.79993;0.41016;-0.0686;1.14917;30803
"2020-08-12T10:03:29.620";44.83032;52.70386;1.31226;0.37256;-0.04431;1.14819;30812
"2020-08-12T10:03:29.634";42.00745;35.21729;-7.85828;0.37292;-0.04333;1.151;30823
"2020-08-12T10:03:29.640";39.12354;16.81519;-11.15417;0.41162;-0.03528;1.15161;30832
"2020-08-12T10:03:29.648";35.44617;3.15857;-12.0697;0.45093;-0.00891;1.15491;30840
"2020-08-12T10:03:29.658";30.2124;-3.8147;-13.16833;0.46497;0.00146;1.16382;30849
"2020-08-12T10:03:29.670";23.9563;-5.53894;-13.56506;0.4574;0.01575;1.14563;30860
"2020-08-12T10:03:29.678";16.38794;-5.59998;-12.46643;0.44165;0.06042;1.11707;30868
"2020-08-12T10:03:29.685";6.34766;-4.80652;-10.98633;0.44226;0.0907;1.11328;30877
"2020-08-12T10:03:29.693";6.34766;-4.80652;-10.98633;0.47998;0.08997;1.12024;30886
"2020-08-12T10:03:29.704";-14.89258;5.18799;-5.61523;0.51807;0.09009;1.11804;30896
"2020-08-12T10:03:29.713";-14.89258;5.18799;-5.61523;0.51807;0.09009;1.11804;30905
"2020-08-12T10:03:29.722";-23.45276;14.02283;-2.67029;0.53125;0.08228;1.10217;30914
"2020-08-12T10:03:29.731";-30.0293;21.39282;-0.74768;0.52039;0.07593;1.0752;30923
"2020-08-12T10:03:29.742";-34.95789;25.71106;-0.71716;0.49756;0.08228;1.07104;30934
"2020-08-12T10:03:29.750";-39.0625;26.35193;-2.53296;0.46228;0.07788;1.10352;30942
"2020-08-12T10:03:29.760";-41.96167;23.48328;-5.05066;0.44751;0.06494;1.14514;30951
"2020-08-12T10:03:29.767";-43.88428;18.4021;-7.18689;0.44812;0.05334;1.19397;30959
"2020-08-12T10:03:29.778";-44.95239;13.42773;-8.54492;0.46973;0.0293;1.23608;30970
"2020-08-12T10:03:29.786";-43.94531;10.78796;-8.40759;0.495;-0.02258;1.25952;30979
"2020-08-12T10:03:29.795";-39.15405;10.95581;-6.3324;0.51038;-0.09448;1.2804;30987
"2020-08-12T10:03:29.803";-39.15405;10.95581;-6.3324;0.51038;-0.09448;1.2804;30996
"2020-08-12T10:03:29.815";-29.96826;13.96179;-2.19727;0.53906;-0.26514;1.39563;31007
"2020-08-12T10:03:29.824";-16.61682;20.38574;3.95203;0.53906;-0.26514;1.39563;31016
"2020-08-12T10:03:29.832";0.32043;29.23584;12.46643;0.53223;-0.33118;1.45996;31025
"2020-08-12T10:03:29.841";18.70728;38.39111;22.76611;0.5011;-0.34363;1.49365;31033
"2020-08-12T10:03:29.852";35.38513;44.54041;33.40149;0.44922;-0.32153;1.50195;31044
"2020-08-12T10:03:29.864";49.04175;45.76111;43.79272;0.4187;-0.29199;1.51611;31053
"2020-08-12T10:03:29.869";59.52454;43.30444;53.26843;0.41199;-0.26965;1.54077;31061
"2020-08-12T10:03:29.877";67.18445;38.94043;61.34033;0.40234;-0.26111;1.56055;31070
"2020-08-12T10:03:29.888";72.34192;33.20313;67.21497;0.38855;-0.25354;1.58411;31081
"2020-08-12T10:03:29.897";74.646;26.9165;69.85474;0.36743;-0.23206;1.59888;31089
"2020-08-12T10:03:29.905";74.646;26.9165;69.85474;0.33154;-0.1853;1.60425;31098
"2020-08-12T10:03:29.914";73.13538;19.6991;67.23022;0.33154;-0.1853;1.60425;31107
"2020-08-12T10:03:29.926";55.57251;3.8147;40.57312;0.28943;-0.0979;1.59485;31118
"2020-08-12T10:03:29.935";55.57251;3.8147;40.57312;0.28943;-0.0979;1.59485;31127
"2020-08-12T10:03:29.943";42.00745;-1.06812;20.03479;0.32275;-0.07837;1.59827;31136
"2020-08-12T10:03:29.952";25.28381;-4.73022;4.86755;0.33105;-0.04309;1.57898;31144
"2020-08-12T10:03:29.964";5.20325;-11.39832;-1.08337;0.36145;-0.03271;1.5592;31155
"2020-08-12T10:03:29.971";-15.85388;-19.34814;0.85449;0.39392;-0.02087;1.53638;31163
"2020-08-12T10:03:29.979";-37.0636;-25.36011;5.41687;0.41504;-0.01526;1.50061;31172
"2020-08-12T10:03:29.988";-57.28149;-27.80151;6.5155;0.42957;-0.01843;1.45581;31181
"2020-08-12T10:03:29.999";-75.50049;-25.9552;2.38037;0.44116;-0.03943;1.41699;31191
"2020-08-12T10:03:30.009";-90.28625;-19.98901;-5.67627;0.45044;-0.08167;1.37451;31200
"2020-08-12T10:03:30.017";-90.28625;-19.98901;-5.67627;0.44666;-0.15051;1.33154;31209
"2020-08-12T10:03:30.026";-99.97559;-11.8103;-15.59448;0.44666;-0.15051;1.33154;31218
"2020-08-12T10:03:30.036";-103.21045;-3.35693;-25.84839;0.45764;-0.25488;1.27124;31229
"2020-08-12T10:03:30.045";-100.40283;4.69971;-35.72083;0.45764;-0.25488;1.27124;31237
"2020-08-12T10:03:30.054";-92.75818;11.53564;-45.30334;0.44849;-0.27844;1.24707;31246
"2020-08-12T10:03:30.062";-82.04651;16.57104;-55.43518;0.4342;-0.28052;1.23401;31254
"2020-08-12T10:03:30.073";-69.42749;19.19556;-66.0553;0.41516;-0.27148;1.22302;31265
"2020-08-12T10:03:30.081";-55.83191;18.49365;-75.98877;0.39453;-0.2699;1.20288;31274
"2020-08-12T10:03:30.090";-40.95459;14.1449;-83.29773;0.38232;-0.26501;1.18591;31282
"2020-08-12T10:03:30.098";-25.14648;7.67517;-87.64648;0.37976;-0.26294;1.16748;31291
"2020-08-12T10:03:30.111";-8.49915;0.82397;-89.50806;0.37463;-0.25452;1.13428;31303
"2020-08-12T10:03:30.122";8.11768;-4.776;-89.69116;0.37317;-0.23804;1.09326;31312
"2020-08-12T10:03:30.130";23.75793;-7.43103;-88.66882;0.36267;-0.21301;1.05457;31321
"2020-08-12T10:03:30.137";37.5824;-7.44629;-86.09009;0.34277;-0.18298;1.0072;31330
"2020-08-12T10:03:30.157";49.36218;-5.64575;-81.25305;0.32166;-0.1073;0.91113;31349
"2020-08-12T10:03:30.165";58.65479;-2.63977;-73.7915;0.32166;-0.1073;0.91113;31358
"2020-08-12T10:03:30.173";65.32288;1.38855;-63.84277;0.30334;-0.08032;0.87891;31366
"2020-08-12T10:03:30.187";69.67163;6.01196;-52.26135;0.27612;-0.03723;0.85034;31379
"2020-08-12T10:03:30.194";70.5719;9.84192;-39.61182;0.25159;0.00684;0.82251;31387
"2020-08-12T10:03:30.203";68.08472;12.75635;-25.57373;0.24219;0.05164;0.81384;31396
"2020-08-12T10:03:30.211";62.53052;14.5874;-9.97925;0.21838;0.08032;0.79761;31404
"2020-08-12T10:03:30.240";49.59106;-6.66809;45.25757;0.11108;0.02271;0.70886;31431
"2020-08-12T10:03:30.249";49.59106;-6.66809;45.25757;0.08606;0.02307;0.66235;31440
"2020-08-12T10:03:30.264";48.38562;-39.97803;68.25256;0.07556;0.03784;0.60571;31455
"2020-08-12T10:03:30.272";46.49353;-55.60303;69.42749;0.0813;0.05798;0.54712;31464
"2020-08-12T10:03:30.280";43.396;-67.74902;64.94141;0.09387;0.07324;0.48621;31472
"2020-08-12T10:03:30.289";39.33716;-75.98877;57.37305;0.11316;0.08997;0.42603;31481
"2020-08-12T10:03:30.304";34.60693;-80.78003;48.49243;0.11951;0.09375;0.36292;31496
"2020-08-12T10:03:30.315";29.92249;-84.22852;39.19983;0.11731;0.08704;0.29724;31504
"2020-08-12T10:03:30.325";25.78735;-86.82251;29.67834;0.12915;0.08069;0.26245;31513
"2020-08-12T10:03:30.333";22.03369;-86.74622;20.29419;0.15454;0.06848;0.2644;31522
"2020-08-12T10:03:30.351";19.31763;-82.13806;11.23047;0.1897;0.04663;0.27734;31537
"2020-08-12T10:03:30.357";17.50183;-73.21167;3.06702;0.20813;0.0376;0.28101;31546
"2020-08-12T10:03:30.369";15.82336;-61.82861;-3.28064;0.21814;0.03784;0.26819;31554
"2020-08-12T10:03:30.371";13.8855;-49.30115;-6.45447;0.23376;0.03552;0.26379;31563
"2020-08-12T10:03:30.385";11.53564;-35.3241;-5.92041;0.25378;0.03015;0.26489;31578
"2020-08-12T10:03:30.394";9.18579;-19.86694;-2.2583;0.28833;0.02417;0.27344;31586
"2020-08-12T10:03:30.403";7.1106;-1.4801;3.64685;0.32727;0.00549;0.30005;31595
"2020-08-12T10:03:30.411";6.073;20.9198;10.48279;0.35474;-0.00684;0.34351;31604
"2020-08-12T10:03:30.426";5.52368;45.89844;16.99829;0.34277;-0.00452;0.37622;31618
"2020-08-12T10:03:30.436";4.28772;70.34302;21.57593;0.30725;0.01428;0.39148;31628
"2020-08-12T10:03:30.444";1.80054;90.46936;22.72034;0.25391;0.0332;0.38293;31637
"2020-08-12T10:03:30.453";-1.75476;103.92761;19.34814;0.19739;0.03992;0.35718;31645
"2020-08-12T10:03:30.468";-5.82886;109.40552;12.146;0.15784;0.0354;0.35986;31660
"2020-08-12T10:03:30.477";-9.46045;108.35266;3.15857;0.14282;0.02881;0.41187;31669
"2020-08-12T10:03:30.485";-12.93945;104.7821;-6.46973;0.15308;0.02417;0.47961;31677
"2020-08-12T10:03:30.493";-16.81519;101.54724;-15.38086;0.16663;0.02136;0.53162;31686
"2020-08-12T10:03:30.509";-21.33179;99.13635;-23.04077;0.1604;0.02991;0.57751;31701
"2020-08-12T10:03:30.517";-26.7334;95.47424;-29.98352;0.14929;0.05383;0.62231;31709
"2020-08-12T10:03:30.528";-33.61511;87.7533;-35.53772;0.11938;0.03967;0.65039;31718
"2020-08-12T10:03:30.535";-39.61182;74.93591;-37.93335;0.09949;-0.021;0.7384;31727
"2020-08-12T10:03:30.550";-42.99927;61.7218;-38.05542;0.06531;-0.05408;0.8844;31742
"2020-08-12T10:03:30.558";-45.70007;50.33875;-38.95569;0.06531;-0.05408;0.8844;31751
"2020-08-12T10:03:30.567";-49.78943;39.44397;-41.93115;0.05835;-0.02649;0.91675;31759
"2020-08-12T10:03:30.575";-56.10657;29.1748;-46.08154;0.05225;-0.00439;0.89929;31768
"2020-08-12T10:03:30.590";-63.44604;18.1427;-49.95728;0.04773;-0.01343;0.8512;31783
"2020-08-12T10:03:30.599";-70.34302;5.85937;-52.88696;0.04773;-0.01343;0.8512;31791
"2020-08-12T10:03:30.608";-75.18005;-4.94385;-53.60413;0.08618;-0.04395;0.87146;31800
"2020-08-12T10:03:30.616";-77.10266;-11.97815;-51.4679;0.13135;-0.10205;0.90881;31808
"2020-08-12T10:03:30.631";-75.21057;-14.70947;-45.79163;0.23071;-0.15405;0.93909;31823
"2020-08-12T10:03:30.643";-71.21277;-13.09204;-36.97205;0.28503;-0.18066;0.95898;31833
"2020-08-12T10:03:30.649";-65.88745;-7.75146;-25.6958;0.28503;-0.18066;0.95898;31841
"2020-08-12T10:03:30.658";-57.67822;2.86865;-13.71765;0.37146;-0.24805;1.01306;31850
"2020-08-12T10:03:30.673";-22.23206;47.48535;11.19995;0.427;-0.35083;1.08813;31865
"2020-08-12T10:03:30.682";-22.23206;47.48535;11.19995;0.39368;-0.32996;1.05176;31873
"2020-08-12T10:03:30.690";-1.98364;70.58716;26.01624;0.39368;-0.32996;1.05176;31882
"2020-08-12T10:03:30.698";16.83044;87.89063;37.2467;0.33765;-0.27856;1.00073;31891
"2020-08-12T10:03:30.710";32.69958;95.93201;44.28101;0.27539;-0.21313;0.95544;31903
"2020-08-12T10:03:30.720";44.93713;93.12439;48.67554;0.22571;-0.17639;0.94885;31911
"2020-08-12T10:03:30.728";54.19922;83.32825;52.23083;0.21484;-0.13147;0.99719;31920
"2020-08-12T10:03:30.738";59.11255;73.66943;53.83301;0.19592;-0.07312;1.0166;31929
"2020-08-12T10:03:30.749";58.83789;64.48364;52.38342;0.16113;-0.02686;0.99084;31941
"2020-08-12T10:03:30.760";53.87878;53.81775;47.43958;0.1366;0.02661;0.96997;31949
"2020-08-12T10:03:30.766";44.46411;41.04614;38.23853;0.11096;0.05603;0.96851;31958
"2020-08-12T10:03:30.774";32.33337;26.48926;26.48926;0.08923;0.02698;1.03955;31967
"2020-08-12T10:03:30.786";20.37048;12.83264;14.95361;0.08899;0.00708;1.10718;31979
"2020-08-12T10:03:30.796";8.04138;1.44958;4.57764;0.06677;-0.00012;1.12549;31988
"2020-08-12T10:03:30.804";-4.50134;-10.42175;-5.49316;0.0332;0.00549;1.13501;31996
"2020-08-12T10:03:30.812";-16.98303;-22.93396;-16.00647;0.01331;-0.02173;1.13;32005
"2020-08-12T10:03:30.825";-27.46582;-36.45325;-24.52087;-0.00256;-0.06836;1.14966;32017
"2020-08-12T10:03:30.835";-35.11047;-50.00305;-29.22058;0.04199;-0.1062;1.20239;32026
"2020-08-12T10:03:30.843";-35.11047;-50.00305;-29.22058;0.10083;-0.13074;1.23804;32035
"2020-08-12T10:03:30.851";-40.802;-59.41772;-29.46472;0.10083;-0.13074;1.23804;32044
"2020-08-12T10:03:30.874";-50.65918;-67.0929;-21.78955;0.14954;-0.11572;1.24585;32064
"2020-08-12T10:03:30.881";-56.01501;-68.60352;-16.95251;0.1532;-0.12146;1.22119;32073
"2020-08-12T10:03:30.888";-60.07385;-69.47327;-12.48169;0.18567;-0.15881;1.20935;32081
"2020-08-12T10:03:30.899";-60.37903;-67.00134;-8.08716;0.2522;-0.2113;1.22241;32092
"2020-08-12T10:03:30.909";-56.21338;-58.59375;-3.32642;0.32092;-0.27185;1.23499;32101
"2020-08-12T10:03:30.917";-47.48535;-43.76221;1.60217;0.396;-0.3009;1.25391;32109
"2020-08-12T10:03:30.925";-36.33118;-22.82715;5.2948;0.44458;-0.30176;1.2511;32118
"2020-08-12T10:03:30.938";-24.42932;1.23596;6.04248;0.4574;-0.29333;1.22803;32129
"2020-08-12T10:03:30.946";-12.17651;25.72632;3.64685;0.46716;-0.28638;1.22083;32138
"2020-08-12T10:03:30.955";0.12207;49.83521;0;0.4668;-0.29016;1.21045;32147
"2020-08-12T10:03:30.965";0.12207;49.83521;0;0.44788;-0.3064;1.21399;32155
"2020-08-12T10:03:30.985";40.31372;100.05188;2.21252;0.34692;-0.2594;1.30164;32177
"2020-08-12T10:03:30.994";40.31372;100.05188;2.21252;0.27429;-0.19153;1.37598;32186
"2020-08-12T10:03:31.002";50.29297;97.99194;14.16016;0.27429;-0.19153;1.37598;32194
"2020-08-12T10:03:31.023";56.427;59.4635;43.33496;0.09192;-0.08899;1.45105;32215
"2020-08-12T10:03:31.031";53.52783;27.70996;50.21667;0.0365;-0.08948;1.47913;32223
"2020-08-12T10:03:31.040";49.27063;-5.53894;48.91968;-0.00488;-0.12256;1.47498;32232
"2020-08-12T10:03:31.052";45.02869;-37.30774;38.95569;-0.03027;-0.1438;1.46289;32243
"2020-08-12T10:03:31.060";39.64233;-65.2771;20.72144;-0.0177;-0.12952;1.45959;32252
"2020-08-12T10:03:31.068";31.02112;-86.92932;-2.56348;0.01111;-0.09094;1.46167;32260
"2020-08-12T10:03:31.078";18.50891;-102.49329;-26.26038;0.05945;-0.05676;1.45984;32269
"2020-08-12T10:03:31.088";3.00598;-111.83167;-45.6543;0.1488;-0.02856;1.46924;32280
"2020-08-12T10:03:31.096";-14.60266;-112.89978;-57.31201;0.24792;-0.02307;1.47437;32288
"2020-08-12T10:03:31.104";-14.60266;-112.89978;-57.31201;0.34363;-0.04053;1.45789;32297
"2020-08-12T10:03:31.113";-32.8064;-105.8197;-60.48584;0.34363;-0.04053;1.45789;32306
"2020-08-12T10:03:31.124";-49.69788;-91.47644;-57.69348;0.49854;-0.06116;1.41626;32316
"2020-08-12T10:03:31.133";-64.89563;-70.755;-51.51367;0.49854;-0.06116;1.41626;32325
"2020-08-12T10:03:31.143";-78.84216;-45.37964;-43.44177;0.54871;-0.07397;1.38562;32334
"2020-08-12T10:03:31.151";-90.63721;-17.15088;-34.27124;0.57703;-0.09106;1.34473;32343
"2020-08-12T10:03:31.161";-99.10583;10.14709;-23.4375;0.58484;-0.10876;1.31116;32354
"2020-08-12T10:03:31.170";-102.82898;31.96716;-8.91113;0.58264;-0.13293;1.29761;32362
"2020-08-12T10:03:31.180";-100.76904;46.79871;10.17761;0.57312;-0.16541;1.29163;32371
"2020-08-12T10:03:31.187";-92.22412;55.06897;30.8075;0.54407;-0.19177;1.28943;32380
"2020-08-12T10:03:31.198";-79.10156;56.99158;46.93604;0.4856;-0.21338;1.28259;32390
"2020-08-12T10:03:31.207";-63.0188;53.57361;53.84827;0.41687;-0.25037;1.27026;32399
"2020-08-12T10:03:31.215";-63.0188;53.57361;53.84827;0.34509;-0.27075;1.26624;32408
"2020-08-12T10:03:31.224";-44.11316;46.53931;49.57581;0.34509;-0.27075;1.26624;32416
"2020-08-12T10:03:31.234";-24.26147;37.13989;33.64563;0.21509;-0.29907;1.22852;32427
"2020-08-12T10:03:31.245";-3.96729;25.61951;8.8501;0.21509;-0.29907;1.22852;32436
"2020-08-12T10:03:31.252";16.61682;12.63428;-19.51599;0.19531;-0.30981;1.2052;32444
"2020-08-12T10:03:31.260";37.29248;-0.33569;-45.94421;0.1908;-0.32996;1.17065;32453
"2020-08-12T10:03:31.272";57.93762;-12.52747;-65.5365;0.18567;-0.34448;1.13623;32464
"2020-08-12T10:03:31.283";77.17896;-23.46802;-76.96533;0.2019;-0.31628;1.12769;32473
"2020-08-12T10:03:31.288";92.22412;-32.01294;-80.78003;0.21313;-0.26941;1.12537;32481
"2020-08-12T10:03:31.297";102.0813;-37.81128;-77.66724;0.22388;-0.22131;1.11804;32490
"2020-08-12T10:03:31.319";105.59082;-39.505;-55.77087;0.24036;-0.13818;1.11108;32511
"2020-08-12T10:03:31.328";101.37939;-36.31592;-39.7644;0.24585;-0.11255;1.09802;32520
"2020-08-12T10:03:31.337";101.37939;-36.31592;-39.7644;0.25439;-0.08557;1.0813;32529
"2020-08-12T10:03:31.350";85.69336;-26.82495;-3.06702;0.25635;-0.04175;1.06433;32541
"2020-08-12T10:03:31.359";74.02039;-23.08655;16.17432;0.24634;-0.00085;1.0354;32550
"2020-08-12T10:03:31.367";74.02039;-23.08655;16.17432;0.22815;0.04602;1.00916;32559
"2020-08-12T10:03:31.374";60.11963;-21.54541;35.12573;0.22815;0.04602;1.00916;32567
"2020-08-12T10:03:31.389";28.91541;-26.10779;69.38171;0.1991;0.07983;0.98389;32579
"2020-08-12T10:03:31.397";28.91541;-26.10779;69.38171;0.1991;0.07983;0.98389;32588
"2020-08-12T10:03:31.404";15.27405;-32.95898;84.13696;0.18445;0.07629;0.94617;32596
"2020-08-12T10:03:31.413";5.47791;-44.86084;95.70313;0.15894;0.05652;0.88708;32605
"2020-08-12T10:03:31.433";0.59509;-83.02307;101.53198;0.13208;-0.00122;0.76904;32625
"2020-08-12T10:03:31.442";5.06592;-103.1189;93.75;0.12756;-0.03479;0.72754;32634
"2020-08-12T10:03:31.450";12.60376;-120.63599;80.71899;0.12671;-0.0459;0.67676;32643
"2020-08-12T10:03:31.469";29.47998;-147.9187;48.50769;0.11829;-0.02844;0.51501;32661
"2020-08-12T10:03:31.478";29.47998;-147.9187;48.50769;0.11487;-0.01196;0.42139;32670
"2020-08-12T10:03:31.488";36.66687;-158.92029;32.88269;0.11487;-0.01196;0.42139;32678
"2020-08-12T10:03:31.511";44.81506;-170.66956;7.87354;0.15759;-0.0116;0.20691;32703
"2020-08-12T10:03:31.520";43.91479;-162.97913;9.67407;0.20618;-0.01794;0.20288;32711
"2020-08-12T10:03:31.528";43.91479;-162.97913;9.67407;0.26099;-0.03992;0.23059;32720
"2020-08-12T10:03:31.540";41.36658;-126.96838;22.87292;0.29028;-0.05432;0.24866;32732
"2020-08-12T10:03:31.549";40.802;-102.92053;30.48706;0.30103;-0.04871;0.23962;32741
"2020-08-12T10:03:31.558";40.802;-102.92053;30.48706;0.30103;-0.04871;0.23962;32749
"2020-08-12T10:03:31.566";39.68811;-77.62146;37.10938;0.30664;-0.0481;0.22021;32758
"2020-08-12T10:03:31.580";38.42163;-52.00195;41.22925;0.30542;-0.05469;0.19617;32770
"2020-08-12T10:03:31.587";36.97205;-26.82495;41.48865;0.30542;-0.05469;0.19617;32779
"2020-08-12T10:03:31.595";35.33936;-2.22778;37.23145;0.30444;-0.05054;0.20044;32788
"2020-08-12T10:03:31.603";33.30994;21.78955;28.62549;0.30481;-0.0415;0.21899;32796
"2020-08-12T10:03:31.616";30.67017;45.04395;16.64734;0.30566;-0.03406;0.22485;32808
"2020-08-12T10:03:31.625";27.46582;67.62695;2.80762;0.30627;-0.03296;0.22278;32817
"2020-08-12T10:03:31.633";23.94104;88.50098;-11.70349;0.29138;-0.0332;0.22046;32826
"2020-08-12T10:03:31.642";20.37048;105.23987;-25.68054;0.2644;-0.04053;0.22961;32834
"2020-08-12T10:03:31.655";17.21191;114.6698;-38.60474;0.23279;-0.04578;0.25977;32846
"2020-08-12T10:03:31.663";14.17542;115.60059;-49.27063;0.21899;-0.04675;0.3092;32855
"2020-08-12T10:03:31.672";10.81848;110.26001;-56.06079;0.229;-0.0376;0.37183;32864
"2020-08-12T10:03:31.714";5.78308;101.77612;-58.02917;0.24048;-0.01709;0.41565;32873
"2020-08-12T10:03:31.715";-1.17493;91.72058;-55.69458;0.23914;0.00696;0.43066;32885
"2020-08-12T10:03:31.718";-21.05713;72.17407;-44.46411;0.25342;0.00928;0.50049;32910
"2020-08-12T10:03:31.730";-38.62;71.28906;-32.97424;0.31238;-0.05615;0.7019;32923
"2020-08-12T10:03:31.739";-38.62;71.28906;-32.97424;0.29346;-0.06262;0.73938;32931
"2020-08-12T10:03:31.747";-44.58618;79.62036;-29.7699;0.29346;-0.06262;0.73938;32940
"2020-08-12T10:03:31.757";-50.55237;86.33423;-27.16064;0.25098;-0.04089;0.71692;32948
"2020-08-12T10:03:31.777";-67.21497;78.70483;-24.09363;0.16992;0.01465;0.63586;32969
"2020-08-12T10:03:31.785";-75.25635;66.43677;-23.52905;0.1969;-0.02051;0.71362;32978
"2020-08-12T10:03:31.795";-80.3833;58.54797;-23.31543;0.2323;-0.05762;0.80762;32986
"2020-08-12T10:03:31.805";-82.42798;55.87769;-23.84949;0.23999;-0.09521;0.87317;32997
"2020-08-12T10:03:31.813";-81.46667;54.58069;-24.06311;0.24072;-0.12683;0.90149;33006
"2020-08-12T10:03:31.822";-77.57568;52.58179;-22.56775;0.22705;-0.1427;0.86707;33015
"2020-08-12T10:03:31.830";-71.88416;47.5769;-20.49255;0.21838;-0.13208;0.828;33023
"2020-08-12T10:03:31.842";-65.38391;40.67993;-18.70728;0.23877;-0.14148;0.86218;33034
"2020-08-12T10:03:31.850";-65.38391;40.67993;-18.70728;0.25903;-0.15833;0.90442;33043
"2020-08-12T10:03:31.859";-57.51038;36.05652;-16.26587;0.25903;-0.15833;0.90442;33051
"2020-08-12T10:03:31.867";-48.40088;34.25598;-13.53455;0.26575;-0.16882;0.96667;33060
"2020-08-12T10:03:31.879";-38.52844;33.82874;-11.2915;0.25879;-0.18738;1.03699;33071
"2020-08-12T10:03:31.887";-27.70996;33.14209;-9.14001;0.25659;-0.19067;1.05981;33080
"2020-08-12T10:03:31.897";-16.55579;30.45654;-7.14111;0.2478;-0.18677;1.04285;33088
"2020-08-12T10:03:31.904";-5.35583;24.52087;-4.3335;0.24976;-0.19116;1.01904;33097
"2020-08-12T10:03:31.915";5.90515;17.16614;-0.80872;0.27722;-0.17664;0.9917;33108
"2020-08-12T10:03:31.924";15.47241;12.45117;1.51062;0.3208;-0.15588;1.02991;33116
"2020-08-12T10:03:31.934";22.00317;14.02283;1.93787;0.35193;-0.11011;1.099;33125
"2020-08-12T10:03:31.941";24.64294;20.67566;1.297;0.34534;-0.0719;1.11206;33134
"2020-08-12T10:03:31.952";23.83423;26.88599;2.56348;0.3219;-0.0387;1.10291;33144
"2020-08-12T10:03:31.961";23.83423;26.88599;2.56348;0.30908;-0.01794;1.09961;33153
"2020-08-12T10:03:31.970";20.26367;29.32739;7.40051;0.30908;-0.01794;1.09961;33162
"2020-08-12T10:03:31.978";15.65552;28.07617;15.24353;0.30518;-0.01221;1.07166;33171
"2020-08-12T10:03:31.989";11.56616;23.71216;23.59009;0.31128;-0.0116;1.04358;33182
"2020-08-12T10:03:32.000";8.255;18.6615;28.33557;0.32922;-0.01233;1.04468;33190
"2020-08-12T10:03:32.006";5.66101;16.08276;26.44348;0.33398;-0.00916;1.09155;33199
"2020-08-12T10:03:32.015";2.7771;16.49475;18.43262;0.33008;-0.00549;1.15234;33207
"2020-08-12T10:03:32.026";-0.90027;17.92908;7.88879;0.3075;0.00232;1.19202;33218
"2020-08-12T10:03:32.034";-5.66101;16.79993;-1.11389;0.2771;0.0105;1.21313;33227
"2020-08-12T10:03:32.043";-11.38306;10.75745;-5.15747;0.25977;0.01086;1.20386;33235
"2020-08-12T10:03:32.051";-11.38306;10.75745;-5.15747;0.2594;-0.00903;1.18811;33244
"2020-08-12T10:03:32.064";-19.11926;-15.1825;1.7395;0.2926;-0.0437;1.19275;33255
"2020-08-12T10:03:32.072";-19.11926;-15.1825;1.7395;0.2926;-0.0437;1.19275;33264
"2020-08-12T10:03:32.080";-18.81409;-26.82495;7.01904;0.36157;-0.05823;1.21484;33272
"2020-08-12T10:03:32.091";-17.15088;-30.60913;7.84302;0.41528;-0.08337;1.25745;33281
"2020-08-12T10:03:32.100";-14.41956;-25.97046;3.35693;0.45886;-0.09045;1.3053;33292
"2020-08-12T10:03:32.108";-12.17651;-15.45715;-4.04358;0.47705;-0.07324;1.32898;33300
"2020-08-12T10:03:32.117";-11.71875;-4.53186;-10.62012;0.46387;-0.073;1.34497;33309
"2020-08-12T10:03:32.125";-11.59668;2.86865;-12.96997;0.45532;-0.08826;1.3562;33318
"2020-08-12T10:03:32.136";-10.46753;6.34766;-9.26208;0.45569;-0.10046;1.3418;33328
"2020-08-12T10:03:32.144";-7.98035;6.24084;-0.79346;0.4574;-0.09985;1.31445;33337
"2020-08-12T10:03:32.153";-5.02014;3.87573;9.04846;0.46924;-0.07422;1.28601;33346
"2020-08-12T10:03:32.162";-5.02014;3.87573;9.04846;0.4718;-0.03613;1.24817;33354
"2020-08-12T10:03:32.173";-2.86865;2.27356;15.48767;0.45117;-0.02686;1.2533;33365
"2020-08-12T10:03:32.182";-2.92969;2.13623;15.80811;0.45117;-0.02686;1.2533;33374
"2020-08-12T10:03:32.195";-3.70789;3.7384;10.77271;0.42163;-0.07141;1.32092;33383
"2020-08-12T10:03:32.200";-3.2959;6.56128;4.04358;0.39282;-0.14514;1.4043;33391
"2020-08-12T10:03:32.210";-0.56458;9.04846;-0.99182;0.35913;-0.23364;1.48437;33402
"2020-08-12T10:03:32.218";4.95911;9.24683;-2.7771;0.32666;-0.32178;1.56201;33411
"2020-08-12T10:03:32.227";12.71057;5.82886;-3.06702;0.3009;-0.36365;1.61719;33419
"2020-08-12T10:03:32.236";20.99609;-1.4801;-5.17273;0.28271;-0.35754;1.62573;33428
"2020-08-12T10:03:32.247";29.05273;-11.41357;-10.28442;0.28491;-0.31335;1.59583;33439
"2020-08-12T10:03:32.256";35.20203;-20.35522;-17.65442;0.31384;-0.24219;1.57202;33448
"2020-08-12T10:03:32.263";37.7655;-24.67346;-25.74158;0.34778;-0.19458;1.5636;33456
"2020-08-12T10:03:32.272";37.7655;-24.67346;-25.74158;0.34778;-0.19458;1.5636;33465
"2020-08-12T10:03:32.284";37.65869;-24.36829;-31.9519;0.43066;-0.13123;1.57312;33476
"2020-08-12T10:03:32.298";34.91211;-20.03479;-34.33228;0.43066;-0.13123;1.57312;33485
"2020-08-12T10:03:32.301";29.31213;-13.53455;-31.93665;0.45947;-0.1051;1.56348;33493
"2020-08-12T10:03:32.309";21.66748;-6.65283;-24.67346;0.48779;-0.073;1.55334;33502
"2020-08-12T10:03:32.321";11.73401;-0.33569;-14.6637;0.48828;-0.02112;1.53723;33513
"2020-08-12T10:03:32.329";-0.99182;4.18091;-4.80652;0.46643;0.01428;1.51685;33521
"2020-08-12T10:03:32.339";-15.22827;6.43921;2.15149;0.44507;0.03821;1.48779;33530
"2020-08-12T10:03:32.346";-29.92249;7.06482;5.11169;0.44177;0.04565;1.45239;33538
"2020-08-12T10:03:32.357";-43.16711;7.09534;3.8147;0.44446;0.02759;1.42102;33549
"2020-08-12T10:03:32.366";-53.34473;7.27844;-1.34277;0.44238;0.00098;1.39319;33558
"2020-08-12T10:03:32.374";-53.34473;7.27844;-1.34277;0.41736;-0.01404;1.36475;33566
"2020-08-12T10:03:32.384";-60.45532;6.05774;-10.51331;0.41736;-0.01404;1.36475;33575
"2020-08-12T10:03:32.394";-64.92615;0.7019;-23.52905;0.31812;-0.03418;1.32825;33586
"2020-08-12T10:03:32.402";-67.33704;-10.94055;-39.61182;0.31812;-0.03418;1.32825;33595
"2020-08-12T10:03:32.411";-67.52014;-28.24402;-57.26624;0.28235;-0.0481;1.3031;33604
"2020-08-12T10:03:32.419";-65.52124;-48.20251;-74.78333;0.28772;-0.07788;1.26868;33612
"2020-08-12T10:03:32.438";-52.38342;-77.43835;-101.24207;0.36121;-0.15222;1.17871;33630
"2020-08-12T10:03:32.446";-42.23633;-81.57349;-108.65784;0.41174;-0.17822;1.12695;33638
"2020-08-12T10:03:32.454";-42.23633;-81.57349;-108.65784;0.46606;-0.19556;1.08472;33647
"2020-08-12T10:03:32.465";-18.60046;-65.7959;-110.36682;0.50586;-0.20239;1.05054;33658
"2020-08-12T10:03:32.474";-18.60046;-65.7959;-110.36682;0.52075;-0.19165;1.02808;33667
"2020-08-12T10:03:32.483";-6.43921;-48.73657;-104.41589;0.52075;-0.19165;1.02808;33676
"2020-08-12T10:03:32.492";4.48608;-28.85437;-93.99414;0.51892;-0.15417;1.0072;33685
"2020-08-12T10:03:32.503";12.57324;-8.89587;-79.01001;0.4978;-0.11768;0.98743;33696
"2020-08-12T10:03:32.512";18.21899;8.36182;-58.82263;0.46973;-0.10022;0.96912;33704
"2020-08-12T10:03:32.520";23.16284;21.30127;-32.83691;0.44873;-0.09265;0.95068;33713
"2020-08-12T10:03:32.528";28.48816;29.64783;-3.09753;0.43445;-0.08057;0.93225;33721
"2020-08-12T10:03:32.540";33.93555;34.77478;25.78735;0.41431;-0.06726;0.91382;33732
"2020-08-12T10:03:32.548";39.19983;37.87231;49.80469;0.38855;-0.03796;0.90515;33741
"2020-08-12T10:03:32.557";42.70935;39.41345;66.80298;0.34216;-0.01074;0.90454;33749
"2020-08-12T10:03:32.565";42.70935;39.41345;66.80298;0.28613;-0.00818;0.91248;33758
"2020-08-12T10:03:32.578";45.82214;32.95898;83.37402;0.22437;-0.00403;0.90576;33769
"2020-08-12T10:03:32.585";45.82214;32.95898;83.37402;0.17029;0.01062;0.89624;33778
"2020-08-12T10:03:32.593";45.82214;21.77429;84.88464;0.17029;0.01062;0.89624;33786
"2020-08-12T10:03:32.603";44.66248;5.26428;81.08521;0.13049;0.01526;0.8855;33795
"2020-08-12T10:03:32.615";42.90771;-15.42664;72.08252;0.10632;0.01685;0.84521;33806
"2020-08-12T10:03:32.622";40.802;-39.21509;57.84607;0.10034;0.0155;0.79968;33814
"2020-08-12T10:03:32.630";38.94043;-62.53052;39.35242;0.11511;0.00427;0.77332;33823
"2020-08-12T10:03:32.639";37.71973;-81.32935;18.69202;0.12793;-0.00671;0.7251;33832
"2020-08-12T10:03:32.651";36.88049;-96.06934;-2.18201;0.14563;-0.02429;0.68604;33842
"2020-08-12T10:03:32.659";36.78894;-105.78918;-21.08765;0.16687;-0.03711;0.64526;33851
"2020-08-12T10:03:32.667";37.2467;-111.05347;-36.72791;0.16919;-0.03491;0.58179;33860
"2020-08-12T10:03:32.675";37.2467;-111.05347;-36.72791;0.17676;-0.02368;0.51697;33868
"2020-08-12T10:03:32.688";37.53662;-114.25781;-49.02649;0.1958;0.00281;0.46143;33879
"2020-08-12T10:03:32.696";36.84998;-115.61584;-57.83081;0.1958;0.00281;0.46143;33888
"2020-08-12T10:03:32.706";34.45435;-114.28833;-63.36975;0.20679;0.02576;0.42139;33897
"2020-08-12T10:03:32.713";30.56335;-110.30579;-65.58228;0.21594;0.03943;0.38818;33905
"2020-08-12T10:03:32.724";25.36011;-104.23279;-64.11743;0.21692;0.05615;0.3551;33916
"2020-08-12T10:03:32.732";18.87512;-97.01538;-59.37195;0.20996;0.06042;0.32202;33925
"2020-08-12T10:03:32.741";11.79504;-88.94348;-51.86462;0.20544;0.05347;0.29626;33933
"2020-08-12T10:03:32.750";5.50842;-79.92554;-42.37366;0.20886;0.03735;0.27954;33942
"2020-08-12T10:03:32.760";0.04578;-69.82422;-32.2113;0.21826;0.03638;0.26404;33953
"2020-08-12T10:03:32.769";-5.06592;-58.34961;-22.1405;0.23047;0.03979;0.25903;33961
"2020-08-12T10:03:32.777";-10.11658;-45.21179;-12.57324;0.24646;0.03955;0.26111;33970
"2020-08-12T10:03:32.786";-10.11658;-45.21179;-12.57324;0.24646;0.03955;0.26111;33979
"2020-08-12T10:03:32.798";-14.93835;-30.51758;-3.87573;0.25354;0.04126;0.25549;33990
"2020-08-12T10:03:32.808";-19.39392;-14.99939;4.04358;0.25354;0.04126;0.25549;33998
"2020-08-12T10:03:32.815";-23.26965;-0.24414;11.3678;0.24731;0.03235;0.24719;34007
"2020-08-12T10:03:32.823";-26.19934;13.19885;18.11218;0.24927;0.01624;0.24988;34016
"2020-08-12T10:03:32.834";-27.55737;26.44348;23.77319;0.26392;-0.00061;0.27722;34027
"2020-08-12T10:03:32.843";-27.64893;40.43579;27.74048;0.28174;-0.00476;0.30334;34035
"2020-08-12T10:03:32.851";-27.14539;54.26025;29.89197;0.29492;-0.0072;0.32642;34044
"2020-08-12T10:03:32.860";-26.27563;66.40625;30.30396;0.29724;-0.00513;0.34167;34052
"2020-08-12T10:03:32.885";-24.3988;81.22253;27.57263;0.27502;0.01392;0.36121;34077
"2020-08-12T10:03:32.894";-23.74268;82.82471;25.55847;0.26416;0.00806;0.38013;34086
"2020-08-12T10:03:32.905";-22.68982;82.29065;23.45276;0.27185;-0.01636;0.42822;34098
"2020-08-12T10:03:32.915";-20.41626;82.35168;21.71326;0.29321;-0.03674;0.48621;34107
"2020-08-12T10:03:32.923";-17.50183;82.56531;20.29419;0.29114;-0.05176;0.52991;34116
"2020-08-12T10:03:32.931";-14.43481;80.79529;18.89038;0.29736;-0.07617;0.59363;34124
"2020-08-12T10:03:32.944";-11.21521;79.55933;18.00537;0.31226;-0.08582;0.65466;34136
"2020-08-12T10:03:32.953";-8.75854;78.87268;17.31873;0.29089;-0.07727;0.66748;34145
"2020-08-12T10:03:32.961";-7.91931;75.83618;15.86914;0.27954;-0.0592;0.67664;34153
"2020-08-12T10:03:32.969";-8.74329;72.76917;13.16833;0.27551;-0.04687;0.6897;34162
"2020-08-12T10:03:32.982";-10.81848;69.94629;9.52148;0.24707;-0.04053;0.67297;34174
"2020-08-12T10:03:32.991";-13.32092;64.51416;5.90515;0.23193;-0.08423;0.69666;34183
"2020-08-12T10:03:32.999";-13.5498;60.01282;4.10461;0.26282;-0.14648;0.78894;34192
"2020-08-12T10:03:33.008";-13.5498;60.01282;4.10461;0.26282;-0.14648;0.78894;34200
"2020-08-12T10:03:33.032";-10.51331;66.0553;3.9978;0.24805;-0.11328;0.86743;34223
"2020-08-12T10:03:33.040";-13.82446;64.40735;1.98364;0.23413;-0.04504;0.8623;34232
"2020-08-12T10:03:33.049";-13.82446;64.40735;1.98364;0.23413;-0.04504;0.8623;34241
"2020-08-12T10:03:33.066";-29.80042;54.96216;-7.46155;0.23083;-0.05371;0.91882;34258
"2020-08-12T10:03:33.075";-36.69739;50.76599;-10.02502;0.23596;-0.08496;0.95508;34267
"2020-08-12T10:03:33.083";-41.27502;46.58508;-10.22339;0.22522;-0.12744;0.98462;34276
"2020-08-12T10:03:33.095";-43.01453;41.97693;-9.09424;0.22693;-0.13538;0.99646;34287
"2020-08-12T10:03:33.103";-44.02161;37.23145;-8.86536;0.22644;-0.10303;0.99573;34296
"2020-08-12T10:03:33.116";-45.98999;32.31812;-10.91003;0.23157;-0.09521;1.02673;34304
"2020-08-12T10:03:33.121";-48.01941;28.61023;-13.64136;0.24902;-0.10669;1.06836;34313
"2020-08-12T10:03:33.132";-48.44666;26.39771;-14.69421;0.25745;-0.13831;1.0979;34324
"2020-08-12T10:03:33.140";-46.27991;23.86475;-12.64954;0.2428;-0.18127;1.12891;34333
"2020-08-12T10:03:33.149";-46.27991;23.86475;-12.64954;0.2428;-0.18127;1.12891;34341
"2020-08-12T10:03:33.157";-41.45813;19.40918;-7.72095;0.22607;-0.18579;1.11658;34350
"2020-08-12T10:03:33.168";-36.04126;11.15417;-3.2959;0.21667;-0.15771;1.08252;34361
"2020-08-12T10:03:33.177";-31.86035;0.79346;-2.39563;0.23437;-0.12646;1.08105;34369
"2020-08-12T10:03:33.186";-29.05273;-7.91931;-5.85937;0.2428;-0.10046;1.08679;34378
"2020-08-12T10:03:33.194";-27.35901;-14.38904;-12.93945;0.25159;-0.09094;1.11853;34386
"2020-08-12T10:03:33.206";-26.33667;-18.61572;-21.02661;0.26111;-0.08923;1.13867;34398
"2020-08-12T10:03:33.218";-25.19226;-21.71326;-26.96228;0.26721;-0.09326;1.11523;34406
"2020-08-12T10:03:33.223";-23.55957;-25.86365;-28.48816;0.27283;-0.09094;1.07507;34415
"2020-08-12T10:03:33.232";-21.91162;-31.61621;-25.78735;0.29248;-0.09155;1.03857;34424
"2020-08-12T10:03:33.242";-19.53125;-37.26196;-20.27893;0.32275;-0.10095;1.02136;34434
"2020-08-12T10:03:33.250";-19.53125;-37.26196;-20.27893;0.36914;-0.14905;1.0592;34443
"2020-08-12T10:03:33.259";-16.08276;-39.62708;-13.77869;0.36914;-0.14905;1.0592;34452
"2020-08-12T10:03:33.268";-9.91821;-35.73608;-6.72913;0.41748;-0.18921;1.09973;34460
"2020-08-12T10:03:33.279";-1.96838;-26.7334;0.24414;0.43652;-0.21423;1.11267;34471
"2020-08-12T10:03:33.288";7.58362;-16.41846;7.18689;0.46155;-0.2417;1.14941;34480
"2020-08-12T10:03:33.296";18.29529;-4.94385;14.54163;0.49951;-0.24182;1.17688;34488
"2020-08-12T10:03:33.306";28.70178;7.53784;22.64404;0.52173;-0.23389;1.19275;34497
"2020-08-12T10:03:33.315";38.69629;19.57703;31.14319;0.52625;-0.22656;1.20972;34508
"2020-08-12T10:03:33.324";48.15674;30.59387;38.87939;0.52563;-0.19922;1.21533;34517
"2020-08-12T10:03:33.333";55.19104;39.93225;44.29626;0.49353;-0.15332;1.20984;34525
"2020-08-12T10:03:33.344";55.19104;39.93225;44.29626;0.44446;-0.1123;1.21814;34534
"2020-08-12T10:03:33.354";60.10437;43.79272;43.47229;0.40686;-0.06421;1.23547;34545
"2020-08-12T10:03:33.361";60.10437;43.79272;43.47229;0.36475;-0.03235;1.26501;34553
"2020-08-12T10:03:33.370";57.05261;38.22327;37.07886;0.36475;-0.03235;1.26501;34562
"2020-08-12T10:03:33.378";51.25427;28.33557;27.80151;0.34692;-0.03137;1.31689;34571
"2020-08-12T10:03:33.390";43.97583;18.61572;17.28821;0.36621;-0.03467;1.3761;34581
"2020-08-12T10:03:33.400";35.75134;13.00049;6.62231;0.37817;-0.04651;1.43469;34590
"2020-08-12T10:03:33.410";27.05383;11.00159;-3.34167;0.37817;-0.07275;1.48572;34599
"2020-08-12T10:03:33.415";18.44788;11.38306;-11.06262;0.38391;-0.09265;1.5321;34608
"2020-08-12T10:03:33.426";9.75037;11.87134;-15.04517;0.37537;-0.11621;1.56812;34619
"2020-08-12T10:03:33.435";1.43433;9.82666;-14.16016;0.36914;-0.14319;1.59424;34627
"2020-08-12T10:03:33.443";-6.2561;5.23376;-8.80432;0.37939;-0.1615;1.61499;34636
"2020-08-12T10:03:33.452";-6.2561;5.23376;-8.80432;0.40308;-0.18408;1.62769;34644
"2020-08-12T10:03:33.463";-18.56995;-2.53296;5.2948;0.41858;-0.19177;1.63147;34655
"2020-08-12T10:03:33.473";-18.56995;-2.53296;5.2948;0.41858;-0.19177;1.63147;34664
"2020-08-12T10:03:33.480";-23.39172;-2.39563;8.20923;0.42224;-0.18726;1.62756;34672
"2020-08-12T10:03:33.489";-28.35083;-0.35095;6.8512;0.41248;-0.18799;1.60657;34681
"2020-08-12T10:03:33.500";-33.20313;1.44958;4.13513;0.40942;-0.20251;1.57153;34692
"2020-08-12T10:03:33.510";-36.59058;2.13623;1.75476;0.4176;-0.23364;1.53284;34701
"2020-08-12T10:03:33.517";-37.20093;1.52588;-0.16785;0.42017;-0.26782;1.4967;34710
"2020-08-12T10:03:33.526";-35.40039;0.01526;-2.44141;0.42444;-0.26868;1.47668;34718
"2020-08-12T10:03:33.544";-31.57043;-2.99072;-14.43481;0.39502;-0.21936;1.44238;34736
"2020-08-12T10:03:33.553";-31.57043;-2.99072;-14.43481;0.3761;-0.18042;1.42456;34745
"2020-08-12T10:03:33.560";-32.33337;-4.776;-22.85767;0.3761;-0.18042;1.42456;34753
"2020-08-12T10:03:33.573";-35.70557;-7.50732;-30.2124;0.3623;-0.15637;1.40271;34765
"2020-08-12T10:03:33.580";-40.5426;-11.27625;-34.57642;0.37866;-0.15649;1.37305;34773
"2020-08-12T10:03:33.589";-45.08972;-15.31982;-35.09521;0.38647;-0.17798;1.3429;34782
"2020-08-12T10:03:33.599";-47.5769;-20.18738;-33.15735;0.38647;-0.19141;1.31421;34790
"2020-08-12T10:03:33.610";-48.3551;-25.20752;-31.49414;0.39197;-0.18469;1.28979;34802
"2020-08-12T10:03:33.619";-48.41614;-28.97644;-31.89087;0.38208;-0.18445;1.26184;34811
"2020-08-12T10:03:33.628";-47.48535;-31.52466;-33.93555;0.38635;-0.19458;1.23181;34819
"2020-08-12T10:03:33.636";-45.08972;-31.79932;-36.13281;0.40808;-0.21277;1.20471;34828
"2020-08-12T10:03:33.647";-40.72571;-28.13721;-37.44507;0.42029;-0.23389;1.17432;34839
"2020-08-12T10:03:33.655";-34.50012;-21.31653;-36.69739;0.43005;-0.24707;1.14319;34848
"2020-08-12T10:03:33.664";-34.50012;-21.31653;-36.69739;0.44348;-0.25964;1.10352;34856
"2020-08-12T10:03:33.672";-26.35193;-12.78687;-33.12683;0.44348;-0.25964;1.10352;34865
"2020-08-12T10:03:33.684";-16.86096;-3.96729;-26.88599;0.4408;-0.2406;1.0459;34876
"2020-08-12T10:03:33.693";-7.06482;3.76892;-18.8446;0.4408;-0.2406;1.0459;34885
"2020-08-12T10:03:33.703";2.67029;9.38416;-9.58252;0.43237;-0.2395;1.02905;34893
"2020-08-12T10:03:33.709";12.83264;12.81738;0.7019;0.41626;-0.23962;1.01587;34902
"2020-08-12T10:03:33.720";23.65112;14.55688;11.30676;0.40295;-0.24048;1.00366;34913
"2020-08-12T10:03:33.730";34.69849;15.60974;20.08057;0.38538;-0.23853;0.99182;34922
"2020-08-12T10:03:33.739";45.59326;16.6626;25.23804;0.36121;-0.23022;0.98242;34931
"2020-08-12T10:03:33.747";55.40466;17.27295;26.35193;0.32922;-0.2146;0.96863;34939
"2020-08-12T10:03:33.769";69.32068;9.41467;18.98193;0.23853;-0.17114;0.94385;34961
"2020-08-12T10:03:33.776";72.99805;-0.68665;12.63428;0.19202;-0.14758;0.92688;34969
"2020-08-12T10:03:33.785";74.14246;-15.06042;5.67627;0.15173;-0.10986;0.90161;34978
"2020-08-12T10:03:33.798";72.55554;-31.53992;-1.67847;0.14233;-0.08606;0.89136;34990
"2020-08-12T10:03:33.810";69.24438;-46.875;-8.0719;0.15356;-0.07385;0.88025;34999
"2020-08-12T10:03:33.817";69.24438;-46.875;-8.0719;0.16565;-0.06519;0.86707;35008
"2020-08-12T10:03:33.824";64.72778;-58.86841;-12.42065;0.16565;-0.06519;0.86707;35017
"2020-08-12T10:03:33.837";53.49731;-72.41821;-14.60266;0.20105;-0.04687;0.83228;35029
"2020-08-12T10:03:33.845";53.49731;-72.41821;-14.60266;0.21411;-0.04443;0.81555;35037
"2020-08-12T10:03:33.856";47.30225;-74.44763;-11.35254;0.21411;-0.04443;0.81555;35046
"2020-08-12T10:03:33.862";41.27502;-74.41711;-4.66919;0.21631;-0.03333;0.7749;35055
"2020-08-12T10:03:33.874";35.56824;-74.66125;4.47083;0.20288;-0.02148;0.7179;35067
"2020-08-12T10:03:33.883";30.27344;-77.01111;14.38904;0.1969;-0.0105;0.68103;35075
"2020-08-12T10:03:33.891";25.11597;-80.30701;23.36121;0.19336;0.01013;0.64685;35084
"2020-08-12T10:03:33.900";19.8822;-83.75549;30.25818;0.19385;0.01782;0.62305;35093
"2020-08-12T10:03:33.913";14.78577;-86.27319;34.30176;0.20203;0.04285;0.62036;35105
"2020-08-12T10:03:33.922";9.04846;-87.63123;35.43091;0.20532;0.06311;0.59558;35114
"2020-08-12T10:03:33.935";3.76892;-89.44702;34.9884;0.198;0.05908;0.54858;35122
"2020-08-12T10:03:33.940";0.68665;-93.81104;34.69849;0.18506;0.05371;0.48669;35131
"2020-08-12T10:03:33.951";0.09155;-101.37939;34.36279;0.17432;0.04785;0.42749;35143
"2020-08-12T10:03:33.960";1.5564;-110.09216;32.92847;0.18042;0.04333;0.39062;35152
"2020-08-12T10:03:33.968";4.15039;-116.50085;30.01404;0.19543;0.03613;0.36816;35160
"2020-08-12T10:03:33.976";4.15039;-116.50085;30.01404;0.20544;0.03174;0.34241;35169
"2020-08-12T10:03:33.988";10.3302;-117.12646;20.88928;0.21143;0.026;0.32043;35181
"2020-08-12T10:03:33.997";13.18359;-111.40442;15.47241;0.21973;0.01501;0.30054;35190
"2020-08-12T10:03:34.007";13.18359;-111.40442;15.47241;0.2345;0.00317;0.29114;35198
"2020-08-12T10:03:34.016";16.22009;-102.50854;10.02502;0.2345;0.00317;0.29114;35207
"2020-08-12T10:03:34.027";19.13452;-90.42358;4.80652;0.25708;-0.00781;0.27209;35219
"2020-08-12T10:03:34.037";22.04895;-75.89722;0.47302;0.25708;-0.00781;0.27209;35228
"2020-08-12T10:03:34.044";25.2533;-59.58557;-2.41089;0.27466;-0.01135;0.26685;35237
"2020-08-12T10:03:34.052";28.45764;-41.38184;-3.37219;0.29761;-0.02307;0.26172;35245
"2020-08-12T10:03:34.066";32.27234;-21.08765;-2.42615;0.31836;-0.03833;0.26428;35257
"2020-08-12T10:03:34.074";36.56006;1.0376;-0.03052;0.33191;-0.04407;0.27661;35266
"2020-08-12T10:03:34.082";40.3595;23.94104;3.06702;0.34851;-0.03284;0.29578;35274
"2020-08-12T10:03:34.090";42.73987;46.67664;6.05774;0.34875;-0.01489;0.30798;35283
"2020-08-12T10:03:34.103";43.56384;67.42859;8.75854;0.33008;-0.00513;0.30457;35295
"2020-08-12T10:03:34.112";43.21289;83.77075;11.12366;0.30823;-0.00183;0.2981;35304
"2020-08-12T10:03:34.122";42.51099;94.75708;13.35144;0.29382;0.00537;0.3031;35313
"2020-08-12T10:03:34.156";41.07666;100.89111;15.44189;0.28027;0.01563;0.31152;35322
"2020-08-12T10:03:34.159";38.8031;102.72217;17.63916;0.26929;0.01843;0.3291;35334
"2020-08-12T10:03:34.160";35.98022;101.68457;19.6228;0.28662;0.02258;0.38708;35342
"2020-08-12T10:03:34.167";32.39441;100.55542;21.75903;0.3136;0.03015;0.46338;35359
"2020-08-12T10:03:34.181";21.57593;95.85571;29.34265;0.31396;0.03772;0.54932;35371
"2020-08-12T10:03:34.188";21.57593;95.85571;29.34265;0.30481;0.04431;0.55872;35380
"2020-08-12T10:03:34.197";13.71765;90.72876;34.08813;0.30481;0.04431;0.55872;35389
"2020-08-12T10:03:34.205";4.54712;86.24268;36.37695;0.29907;0.04883;0.57007;35397
"2020-08-12T10:03:34.218";-5.78308;84.56421;34.24072;0.31299;0.04993;0.61719;35409
"2020-08-12T10:03:34.227";-16.922;88.21106;27.60315;0.34033;0.04077;0.70947;35418
"2020-08-12T10:03:34.235";-28.09143;96.51184;18.50891;0.34729;0.04114;0.77271;35427
"2020-08-12T10:03:34.243";-39.45923;103.50037;9.8877;0.30872;0.02563;0.78735;35436
"2020-08-12T10:03:34.256";-49.43848;101.92871;4.37927;0.24915;-0.00159;0.77747;35448
"2020-08-12T10:03:34.266";-57.37305;88.69934;2.74658;0.20251;-0.00806;0.76221;35456
"2020-08-12T10:03:34.273";-63.70544;67.94739;2.39563;0.21179;-0.05981;0.82373;35465
"2020-08-12T10:03:34.281";-66.60461;52.32239;0.22888;0.28369;-0.13733;0.96997;35474
"2020-08-12T10:03:34.293";-65.00244;49.46899;-4.42505;0.30505;-0.21545;1.07507;35486
"2020-08-12T10:03:34.303";-59.03625;52.71912;-9.71985;0.28394;-0.24744;1.11548;35494
"2020-08-12T10:03:34.311";-51.28479;54.84009;-15.54871;0.26453;-0.21118;1.09607;35503
"2020-08-12T10:03:34.320";-51.28479;54.84009;-15.54871;0.2428;-0.19348;1.04028;35511
"2020-08-12T10:03:34.344";-31.20422;34.43909;-26.53503;0.27905;-0.19922;1.0415;35532
"2020-08-12T10:03:34.350";-31.20422;34.43909;-26.53503;0.27368;-0.18286;0.98865;35541
"2020-08-12T10:03:34.358";-23.68164;26.35193;-28.2135;0.27368;-0.18286;0.98865;35550
"2020-08-12T10:03:34.369";-17.1814;19.13452;-32.24182;0.2998;-0.14758;0.99854;35560
"2020-08-12T10:03:34.377";-13.06152;17.07458;-38.65051;0.32959;-0.09839;1.00366;35569
"2020-08-12T10:03:34.385";-12.22229;18.12744;-44.96765;0.33423;-0.04871;0.9762;35578
"2020-08-12T10:03:34.394";-14.37378;18.49365;-48.88916;0.35474;-0.0105;0.96265;35586
"2020-08-12T10:03:34.405";-18.41736;17.92908;-48.11096;0.3728;-0.00012;0.94202;35597
"2020-08-12T10:03:34.412";-22.38464;16.52527;-40.89355;0.39966;-0.02393;0.94604;35606
"2020-08-12T10:03:34.422";-24.58191;17.31873;-28.27454;0.43677;-0.04822;0.96338;35614
"2020-08-12T10:03:34.432";-24.93286;22.75085;-13.50403;0.45996;-0.08606;1.02454;35623
"2020-08-12T10:03:34.442";-22.64404;33.2489;0.53406;0.4624;-0.13293;1.12915;35634
"2020-08-12T10:03:34.450";-17.68494;46.41724;12.83264;0.43372;-0.14636;1.19348;35643
"2020-08-12T10:03:34.459";-17.68494;46.41724;12.83264;0.43372;-0.14636;1.19348;35651
"2020-08-12T10:03:34.468";-11.67297;56.9458;22.18628;0.37671;-0.15125;1.23193;35660
"2020-08-12T10:03:34.479";-4.69971;60.5011;28.82385;0.33276;-0.15967;1.25757;35671
"2020-08-12T10:03:34.487";3.50952;56.36597;33.52356;0.2981;-0.17078;1.25867;35679
"2020-08-12T10:03:34.495";13.13782;46.1731;35.78186;0.28296;-0.18848;1.276;35688
"2020-08-12T10:03:34.504";23.88;35.01892;33.85925;0.28748;-0.19006;1.30774;35697
"2020-08-12T10:03:34.515";34.16443;26.85547;26.03149;0.28516;-0.15723;1.35547;35707
"2020-08-12T10:03:34.524";40.86304;21.05713;13.12256;0.27759;-0.09937;1.4187;35716
"2020-08-12T10:03:34.534";42.29736;15.3656;-1.32751;0.25989;-0.05457;1.46106;35725
"2020-08-12T10:03:34.541";39.505;6.63757;-13.12256;0.22205;-0.05664;1.49109;35734
"2020-08-12T10:03:34.551";35.27832;-7.82776;-19.25659;0.18298;-0.07837;1.50525;35744
"2020-08-12T10:03:34.561";35.27832;-7.82776;-19.25659;0.17932;-0.09363;1.49121;35753
"2020-08-12T10:03:34.569";31.63147;-27.84729;-19.104;0.17932;-0.09363;1.49121;35762
"2020-08-12T10:03:34.577";28.04565;-49.53003;-14.8468;0.21375;-0.08765;1.45959;35770
"2020-08-12T10:03:34.589";23.54431;-67.15393;-10.19287;0.27722;-0.05457;1.42273;35781
"2020-08-12T10:03:34.597";16.4032;-77.19421;-8.92639;0.33032;-0.01965;1.38721;35790
"2020-08-12T10:03:34.606";6.74438;-79.74243;-11.52039;0.37915;-0.02686;1.39294;35798
"2020-08-12T10:03:34.614";-3.5553;-75.01221;-14.72473;0.453;-0.06213;1.42871;35807
"2020-08-12T10:03:34.626";-12.60376;-62.88147;-14.22119;0.52637;-0.0885;1.42822;35818
"2020-08-12T10:03:34.636";-20.56885;-46.26465;-7.98035;0.58606;-0.11523;1.39331;35827
"2020-08-12T10:03:34.643";-26.51978;-27.75574;3.2196;0.63391;-0.13245;1.36279;35835
"2020-08-12T10:03:34.653";-26.51978;-27.75574;3.2196;0.65759;-0.12451;1.33289;35844
"2020-08-12T10:03:34.663";-32.62329;10.68115;25.63477;0.66968;-0.12024;1.31934;35855
"2020-08-12T10:03:34.671";-32.62329;10.68115;25.63477;0.66162;-0.14478;1.33459;35863
"2020-08-12T10:03:34.679";-33.85925;30.09033;31.67725;0.66162;-0.14478;1.33459;35872
"2020-08-12T10:03:34.688";-32.62329;49.07227;34.75952;0.62817;-0.17163;1.36499;35881
"2020-08-12T10:03:34.699";-28.96118;63.99536;35.46143;0.57361;-0.19214;1.39343;35891
"2020-08-12T10:03:34.707";-23.51379;70.55664;33.87451;0.50269;-0.20264;1.41431;35900
"2020-08-12T10:03:34.716";-17.05933;67.52014;28.70178;0.43665;-0.19202;1.44128;35909
"2020-08-12T10:03:34.726";-10.92529;57.2052;17.74597;0.37305;-0.16943;1.45618;35917
"2020-08-12T10:03:34.736";-5.79834;42.44995;0.48828;0.32605;-0.14563;1.45752;35928
"2020-08-12T10:03:34.745";-2.76184;26.85547;-20.44678;0.30396;-0.12195;1.4563;35937
"2020-08-12T10:03:34.754";-1.8158;12.11548;-40.74097;0.29016;-0.10876;1.44458;35946
"2020-08-12T10:03:34.762";-1.8158;12.11548;-40.74097;0.27844;-0.10535;1.4292;35954
"2020-08-12T10:03:34.773";-2.39563;-1.64795;-56.25916;0.25928;-0.10425;1.4115;35965
"2020-08-12T10:03:34.781";-4.05884;-14.80103;-64.88037;0.25928;-0.10425;1.4115;35974
"2020-08-12T10:03:34.790";-7.15637;-27.81677;-66.84875;0.22876;-0.10095;1.39648;35982
"2020-08-12T10:03:34.799";-11.65771;-40.51208;-64.3158;0.22766;-0.09241;1.37402;35991
"2020-08-12T10:03:34.809";-17.39502;-50.10986;-58.60901;0.25342;-0.09058;1.34912;36002
"2020-08-12T10:03:34.818";-23.89526;-54.79431;-49.68262;0.28967;-0.09656;1.31616;36010
"2020-08-12T10:03:34.828";-29.70886;-54.87061;-37.71973;0.33594;-0.10852;1.2771;36019
"2020-08-12T10:03:34.836";-34.2865;-50.30823;-23.40698;0.38586;-0.12427;1.24341;36028
"2020-08-12T10:03:34.847";-36.60583;-41.68701;-8.255;0.42297;-0.14233;1.20593;36039
"2020-08-12T10:03:34.856";-36.51428;-30.34973;5.46265;0.44226;-0.13708;1.16772;36048
"2020-08-12T10:03:34.864";-35.3241;-17.4408;15.94543;0.45081;-0.1228;1.13403;36056
"2020-08-12T10:03:34.873";-35.3241;-17.4408;15.94543;0.46277;-0.12183;1.09509;36065
"2020-08-12T10:03:34.883";-33.35571;-4.08936;23.28491;0.4762;-0.12683;1.06702;36076
"2020-08-12T10:03:34.892";-29.81567;10.17761;28.57971;0.4762;-0.12683;1.06702;36084
"2020-08-12T10:03:34.900";-24.50562;24.01733;32.91321;0.46948;-0.13525;1.05237;36093
"2020-08-12T10:03:34.909";-17.01355;34.65271;37.62817;0.45471;-0.14783;1.03418;36102
"2020-08-12T10:03:34.920";-7.21741;41.01563;43.24341;0.43396;-0.1571;1.00977;36112
"2020-08-12T10:03:34.928";3.75366;42.95349;48.24829;0.41089;-0.14856;0.98853;36121
"2020-08-12T10:03:34.939";14.4043;41.77856;50.53711;0.38184;-0.14758;0.97705;36130
"2020-08-12T10:03:34.947";24.67346;39.03198;49.36218;0.33899;-0.16174;0.96948;36139
"2020-08-12T10:03:34.965";43.21289;31.12793;33.82874;0.25317;-0.13416;0.93835;36157
"2020-08-12T10:03:34.973";43.21289;31.12793;33.82874;0.25317;-0.13416;0.93835;36166
"2020-08-12T10:03:34.983";49.10278;24.09363;20.53833;0.20642;-0.11108;0.91443;36174
"2020-08-12T10:03:34.993";52.41394;13.42773;5.2948;0.17236;-0.08972;0.90271;36185
"2020-08-12T10:03:35.001";53.71094;0.32043;-10.63538;0.14612;-0.0769;0.90051;36194
"2020-08-12T10:03:35.011";53.63464;-14.02283;-25.81787;0.12891;-0.07288;0.89282;36203
"2020-08-12T10:03:35.019";52.47498;-28.10669;-38.98621;0.13184;-0.06726;0.88513;36211
"2020-08-12T10:03:35.039";46.08154;-48.26355;-54.73328;0.18018;-0.05127;0.91431;36230
"2020-08-12T10:03:35.048";39.8407;-51.98669;-54.82483;0.20142;-0.04834;0.92688;36240
"2020-08-12T10:03:35.055";32.57751;-52.56653;-48.73657;0.22424;-0.04687;0.93738;36248
"2020-08-12T10:03:35.067";24.82605;-51.3916;-37.00256;0.23621;-0.04382;0.93384;36259
"2020-08-12T10:03:35.075";16.86096;-50.55237;-20.49255;0.2179;-0.04431;0.90149;36268
"2020-08-12T10:03:35.085";16.86096;-50.55237;-20.49255;0.2179;-0.04431;0.90149;36276
"2020-08-12T10:03:35.092";9.52148;-52.30713;-0.9613;0.20239;-0.05469;0.86084;36285
"2020-08-12T10:03:35.112";-1.75476;-61.63025;36.68213;0.19373;-0.06775;0.79749;36304
"2020-08-12T10:03:35.121";-5.8136;-64.94141;51.11694;0.22046;-0.04492;0.80164;36313
"2020-08-12T10:03:35.129";-10.0708;-64.59045;61.9812;0.24158;-0.0365;0.81201;36321
"2020-08-12T10:03:35.141";-12.78687;-61.87439;72.052;0.23926;-0.06677;0.80408;36333
"2020-08-12T10:03:35.150";-11.64246;-61.23352;82.61108;0.21631;-0.09998;0.76013;36342
"2020-08-12T10:03:35.159";-6.37817;-67.06238;92.0105;0.18677;-0.12231;0.70459;36351
"2020-08-12T10:03:35.167";1.69373;-79.46777;97.35107;0.15869;-0.12146;0.65039;36359
"2020-08-12T10:03:35.188";17.37976;-111.46545;86.53259;0.12415;-0.0636;0.55554;36378
"2020-08-12T10:03:35.196";17.37976;-111.46545;86.53259;0.12415;-0.0636;0.55554;36387
"2020-08-12T10:03:35.203";22.1405;-123.74878;70.44983;0.12671;-0.04419;0.52795;36395
"2020-08-12T10:03:35.214";24.93286;-130.58472;50.64392;0.14319;-0.02612;0.50269;36406
"2020-08-12T10:03:35.223";26.64185;-132.20215;30.36499;0.15991;-0.01648;0.48364;36415
"2020-08-12T10:03:35.231";27.52686;-129.45557;12.55798;0.17712;-0.01648;0.46313;36424
"2020-08-12T10:03:35.240";27.93884;-123.67249;-1.52588;0.1803;-0.00464;0.42761;36432
"2020-08-12T10:03:35.260";25.54321;-108.52051;-19.27185;0.19128;0.0238;0.35986;36452
"2020-08-12T10:03:35.269";22.58301;-99.21265;-22.04895;0.20203;0.02771;0.33997;36461
"2020-08-12T10:03:35.277";19.45496;-88.33313;-20.27893;0.22034;0.00549;0.33521;36469
"2020-08-12T10:03:35.297";17.56287;-75.19531;-14.11438;0.27783;-0.02502;0.34631;36488
"2020-08-12T10:03:35.305";17.39502;-59.38721;-4.68445;0.27783;-0.02502;0.34631;36497
"2020-08-12T10:03:35.313";17.8833;-42.05322;6.48499;0.28796;-0.02429;0.33777;36506
"2020-08-12T10:03:35.324";18.4021;-24.56665;17.63916;0.28906;-0.01538;0.32886;36517
"2020-08-12T10:03:35.333";18.55469;-7.88879;27.52686;0.29163;-0.0094;0.32617;36525
"2020-08-12T10:03:35.342";18.28003;8.16345;35.40039;0.29773;-0.00452;0.32996;36534
"2020-08-12T10:03:35.352";17.71545;23.45276;40.26794;0.29236;-0.00049;0.33179;36543
"2020-08-12T10:03:35.362";16.67786;36.65161;41.51917;0.28503;0.0011;0.33826;36554
"2020-08-12T10:03:35.372";15.8844;47.48535;38.95569;0.29126;-0.0061;0.36206;36563
"2020-08-12T10:03:35.380";15.48767;56.6864;33.30994;0.30261;-0.01453;0.40259;36571
"2020-08-12T10:03:35.387";15.625;64.88037;25.22278;0.31299;-0.02942;0.44653;36580
"2020-08-12T10:03:35.403";16.00647;71.56372;15.99121;0.32288;-0.04211;0.48596;36591
"2020-08-12T10:03:35.407";16.00647;71.56372;15.99121;0.31384;-0.04419;0.50256;36599
"2020-08-12T10:03:35.416";16.02173;75.39368;6.94275;0.31384;-0.04419;0.50256;36608
"2020-08-12T10:03:35.425";15.09094;74.3866;-1.69373;0.29041;-0.02893;0.50012;36617
"2020-08-12T10:03:35.437";12.35962;68.11523;-10.91003;0.26526;-0.005;0.49109;36627
"2020-08-12T10:03:35.444";7.5531;58.10547;-20.9198;0.25806;0.00293;0.50061;36636
"2020-08-12T10:03:35.453";1.69373;49.60632;-31.61621;0.30176;-0.01416;0.56897;36645
"2020-08-12T10:03:35.461";-3.82996;47.97363;-41.27502;0.35266;-0.04639;0.65674;36653
"2020-08-12T10:03:35.482";-13.03101;55.7251;-46.92078;0.37598;-0.07434;0.7052;36673
"2020-08-12T10:03:35.489";-18.11218;53.83301;-40.75623;0.35193;-0.05005;0.6781;36681
"2020-08-12T10:03:35.497";-18.11218;53.83301;-40.75623;0.35681;-0.03333;0.68604;36690
"2020-08-12T10:03:35.509";-32.08923;40.55786;-22.03369;0.40247;-0.05164;0.75671;36701
"2020-08-12T10:03:35.518";-32.08923;40.55786;-22.03369;0.45679;-0.078;0.86145;36710
"2020-08-12T10:03:35.525";-38.71155;43.01453;-14.69421;0.45679;-0.078;0.86145;36718
"2020-08-12T10:03:35.535";-43.67065;53.9093;-9.67407;0.46216;-0.08972;0.90906;36727
"2020-08-12T10:03:35.546";-47.40906;63.90381;-4.19617;0.4165;-0.09473;0.86853;36738
"2020-08-12T10:03:35.556";-49.72839;64.78882;3.86047;0.37671;-0.08765;0.80701;36747
"2020-08-12T10:03:35.564";-50.96436;56.19812;13.47351;0.36816;-0.08447;0.77002;36756
"2020-08-12T10:03:35.573";-50.41504;44.96765;21.25549;0.41541;-0.11133;0.80566;36765
"2020-08-12T10:03:35.590";-40.14587;51.72729;21.27075;0.50427;-0.20032;1.00879;36782
"2020-08-12T10:03:35.599";-40.14587;51.72729;21.27075;0.46509;-0.17908;1.00854;36791
"2020-08-12T10:03:35.607";-32.08923;65.50598;14.43481;0.46509;-0.17908;1.00854;36799
"2020-08-12T10:03:35.618";-25.10071;72.81494;4.24194;0.41052;-0.13843;0.98206;36810
"2020-08-12T10:03:35.626";-19.98901;68.60352;-6.83594;0.36755;-0.11218;0.95569;36819
"2020-08-12T10:03:35.635";-15.53345;54.19922;-16.96777;0.34851;-0.10571;0.94568;36827
"2020-08-12T10:03:35.643";-10.55908;35.07996;-26.09253;0.36743;-0.10913;0.94849;36836
"2020-08-12T10:03:35.655";-5.26428;18.60046;-35.27832;0.4198;-0.10474;0.97461;36847
"2020-08-12T10:03:35.664";-1.20544;10.83374;-45.74585;0.46936;-0.06885;1.00769;36856
"2020-08-12T10:03:35.676";-0.47302;11.76453;-57.34253;0.49048;-0.0144;1.03638;36865
"2020-08-12T10:03:35.681";-4.54712;16.98303;-67.61169;0.48132;0.03381;1.04712;36873
"2020-08-12T10:03:35.691";-12.28333;21.83533;-72.25037;0.47522;0.04895;1.03821;36884
"2020-08-12T10:03:35.700";-21.25549;24.35303;-68.63403;0.46533;0.03613;1.03284;36892
"2020-08-12T10:03:35.708";-21.25549;24.35303;-68.63403;0.46533;0.03613;1.03284;36901
"2020-08-12T10:03:35.717";-29.00696;24.87183;-57.12891;0.46082;-0.01135;1.06067;36910
"2020-08-12T10:03:35.727";-33.44727;25.90942;-39.90173;0.47729;-0.07056;1.10266;36920
"2020-08-12T10:03:35.740";-33.37097;29.72412;-20.2179;0.50098;-0.10986;1.13782;36929
"2020-08-12T10:03:35.746";-30.01404;35.94971;-1.41907;0.50696;-0.11475;1.18213;36938
"2020-08-12T10:03:35.754";-25.16174;42.26685;14.25171;0.50305;-0.10999;1.22485;36946
"2020-08-12T10:03:35.765";-19.9585;47.25647;25.55847;0.48401;-0.07593;1.24231;36957
"2020-08-12T10:03:35.778";-16.23535;48.98071;31.38733;0.44299;-0.05566;1.24609;36966
"2020-08-12T10:03:35.783";-13.12256;46.55457;33.17261;0.41858;-0.05835;1.24976;36975
"2020-08-12T10:03:35.791";-9.38416;41.59546;32.45544;0.40503;-0.08044;1.24194;36983
"2020-08-12T10:03:35.802";-4.13513;35.07996;30.60913;0.39526;-0.11975;1.24927;36994
"2020-08-12T10:03:35.810";-4.13513;35.07996;30.60913;0.39673;-0.15271;1.26392;37003
"2020-08-12T10:03:35.819";3.40271;28.59497;27.20642;0.39673;-0.15271;1.26392;37011
"2020-08-12T10:03:35.827";12.68005;23.63586;22.15576;0.3855;-0.20129;1.30127;37020
"2020-08-12T10:03:35.839";23.46802;20.30945;16.57104;0.38318;-0.23572;1.35303;37031
"2020-08-12T10:03:35.847";34.01184;18.85986;11.27625;0.37134;-0.23474;1.37708;37039
"2020-08-12T10:03:35.856";42.8009;16.90674;6.8512;0.34546;-0.23218;1.3905;37048
"2020-08-12T10:03:35.865";49.37744;13.13782;3.98254;0.3396;-0.21655;1.38928;37057
"2020-08-12T10:03:35.880";53.57361;8.75854;3.479;0.34216;-0.20544;1.38232;37068
"2020-08-12T10:03:35.884";55.29785;4.60815;4.48608;0.33704;-0.21704;1.38647;37077
"2020-08-12T10:03:35.893";55.06897;0.82397;4.62341;0.34412;-0.23425;1.41089;37085
"2020-08-12T10:03:35.902";52.04773;-1.72424;2.54822;0.33862;-0.23303;1.44177;37094
"2020-08-12T10:03:35.912";44.29626;-5.09644;-2.44141;0.30969;-0.22131;1.47583;37105
"2020-08-12T10:03:35.921";44.29626;-5.09644;-2.44141;0.28137;-0.21509;1.5;37113
"2020-08-12T10:03:35.930";31.08215;-11.38306;-10.72693;0.28137;-0.21509;1.5;37122
"2020-08-12T10:03:35.938";14.48059;-19.92798;-21.04187;0.26904;-0.19885;1.4884;37131
"2020-08-12T10:03:35.949";-3.26538;-28.82385;-32.01294;0.28699;-0.17493;1.44922;37141
"2020-08-12T10:03:35.958";-19.71436;-35.44617;-42.43469;0.33118;-0.15051;1.38879;37150
"2020-08-12T10:03:35.968";-33.5083;-38.52844;-50.81177;0.37244;-0.14014;1.33069;37159
"2020-08-12T10:03:35.975";-43.96057;-38.62;-56.22864;0.41406;-0.14478;1.29419;37168
"2020-08-12T10:03:35.986";-51.81885;-36.08704;-58.91418;0.44397;-0.15076;1.27991;37179
"2020-08-12T10:03:35.994";-57.724;-32.01294;-59.52454;0.45752;-0.15112;1.2616;37187
"2020-08-12T10:03:36.006";-62.39319;-28.27454;-58.99048;0.4585;-0.14429;1.23926;37196
"2020-08-12T10:03:36.011";-62.39319;-28.27454;-58.99048;0.45679;-0.15564;1.21838;37204
"2020-08-12T10:03:36.023";-66.78772;-23.86475;-55.11475;0.45703;-0.19568;1.20483;37215
"2020-08-12T10:03:36.032";-66.78772;-23.86475;-55.11475;0.44556;-0.23511;1.19214;37224
"2020-08-12T10:03:36.040";-64.2395;-22.06421;-50.9491;0.44556;-0.23511;1.19214;37233
"2020-08-12T10:03:36.049";-58.4259;-20.43152;-46.66138;0.41675;-0.26636;1.17737;37241
"2020-08-12T10:03:36.060";-50.06409;-20.82825;-44.34204;0.37903;-0.27734;1.16467;37252
"2020-08-12T10:03:36.070";-40.45105;-23.68164;-44.81506;0.34778;-0.27673;1.1521;37261
"2020-08-12T10:03:36.077";-30.5481;-28.41187;-47.51587;0.3175;-0.27075;1.12231;37270
"2020-08-12T10:03:36.086";-20.73669;-34.31702;-51.54419;0.30383;-0.25574;1.08301;37278
"2020-08-12T10:03:36.097";-11.61194;-40.29846;-55.9082;0.29407;-0.23181;1.05286;37289
"2020-08-12T10:03:36.105";-4.04358;-45.88318;-59.7229;0.28748;-0.2041;1.01892;37298
"2020-08-12T10:03:36.114";1.52588;-51.11694;-62.7594;0.28442;-0.18091;0.99585;37306
"2020-08-12T10:03:36.124";1.52588;-51.11694;-62.7594;0.27942;-0.15674;0.97498;37315
"2020-08-12T10:03:36.133";7.09534;-59.43298;-66.71143;0.26208;-0.14856;0.96191;37326
"2020-08-12T10:03:36.142";7.09534;-59.43298;-66.71143;0.26208;-0.14856;0.96191;37334
"2020-08-12T10:03:36.151";7.44629;-64.25476;-68.66455;0.25269;-0.13733;0.94263;37343
"2020-08-12T10:03:36.160";6.53076;-69.90051;-71.02966;0.24219;-0.12744;0.91504;37351
"2020-08-12T10:03:36.172";4.97437;-75.92773;-73.37952;0.24146;-0.12109;0.89026;37362
"2020-08-12T10:03:36.179";2.83813;-81.43616;-75.62256;0.24524;-0.1156;0.86267;37371
"2020-08-12T10:03:36.189";0.53406;-85.72388;-77.98767;0.24524;-0.11169;0.83594;37380
"2020-08-12T10:03:36.198";-1.75476;-88.51624;-80.07813;0.25085;-0.10901;0.81592;37388
"2020-08-12T10:03:36.218";-5.38635;-88.92822;-83.08411;0.25903;-0.14307;0.80847;37410
"2020-08-12T10:03:36.227";-5.5542;-86.8988;-84.3811;0.27075;-0.16687;0.81189;37419
"2020-08-12T10:03:36.235";-4.27246;-83.34351;-85.73914;0.28198;-0.18848;0.82007;37427
"2020-08-12T10:03:36.247";-1.72424;-79.31519;-87.24976;0.2793;-0.19702;0.81458;37439
"2020-08-12T10:03:36.255";1.7395;-76.69067;-89.2334;0.26636;-0.19275;0.80261;37448
"2020-08-12T10:03:36.265";5.49316;-76.61438;-92.2699;0.24634;-0.18433;0.78625;37457
"2020-08-12T10:03:36.275";5.49316;-76.61438;-92.2699;0.22827;-0.1687;0.76672;37466
"2020-08-12T10:03:36.290";13.12256;-84.35059;-102.81372;0.21704;-0.15173;0.74731;37478